"mapping_id","spm_id","framework_id","mission_context","committee_paragraph","source_document","source_url","applicability_type","stated_as_direct_clusterIII_ACABQ_mission_recommendation","recommended_2027_clusterIII_financial_adjustment_usd","public_next_step","financial_risk"
"AM001","SPM028","XR02","Regional good offices, planned training outputs and UNOCA joint threat analysis","I.6","A/81/7","https://docs.un.org/en/A/81/7#page=15","general_or_specific_functional_relevance","no","not_determined","Map actual services, inputs, recipients and readiness protections","No mission-specific ACABQ savings inferred from Chapter I thematic commentary"
"AM002","SPM028","XR04","Regional good offices, planned training outputs and UNOCA joint threat analysis","I.10","A/81/7","https://docs.un.org/en/A/81/7#page=16","Secretariat_wide_reporting_expectation","no","not_determined","Preserve already booked SG efficiencies with implementation status and gross/net distinctions","No mission-specific ACABQ savings inferred from Chapter I thematic commentary"
"AM003","SPM028","XR08","Regional good offices, planned training outputs and UNOCA joint threat analysis","I.68-I.69","A/81/7","https://docs.un.org/en/A/81/7#page=62","general_or_specific_functional_relevance","no","not_determined","Map actual services, inputs, recipients and readiness protections","No mission-specific ACABQ savings inferred from Chapter I thematic commentary"
"AM004","SPM028","XR10","Regional good offices, planned training outputs and UNOCA joint threat analysis","I.79-I.83","A/81/7","https://docs.un.org/en/A/81/7#page=75","general_or_specific_functional_relevance","no","not_determined","Map actual services, inputs, recipients and readiness protections","No mission-specific ACABQ savings inferred from Chapter I thematic commentary"
"AM005","SPM028","XR13","Regional good offices, planned training outputs and UNOCA joint threat analysis","II.7","A/81/7","https://docs.un.org/en/A/81/7#page=118","regional_or_SPMS_interface","no","not_determined","Map distinct final diplomatic reports and authors","No mission-specific ACABQ savings inferred from Chapter I thematic commentary"
"AM006","SPM028","XR14","Regional good offices, planned training outputs and UNOCA joint threat analysis","II.4","A/81/7","https://docs.un.org/en/A/81/7#page=117","general_or_specific_functional_relevance","no","not_determined","Map actual services, inputs, recipients and readiness protections","No mission-specific ACABQ savings inferred from Chapter I thematic commentary"
"AM007","SPM029","XR04","Central Asia regional preventive diplomacy, planned workshops and UNAMA liaison","I.10","A/81/7","https://docs.un.org/en/A/81/7#page=16","Secretariat_wide_reporting_expectation","no","not_determined","Preserve already booked SG efficiencies with implementation status and gross/net distinctions","No mission-specific ACABQ savings inferred from Chapter I thematic commentary"
"AM008","SPM029","XR08","Central Asia regional preventive diplomacy, planned workshops and UNAMA liaison","I.68-I.69","A/81/7","https://docs.un.org/en/A/81/7#page=62","general_or_specific_functional_relevance","no","not_determined","Map actual services, inputs, recipients and readiness protections","No mission-specific ACABQ savings inferred from Chapter I thematic commentary"
"AM009","SPM029","XR10","Central Asia regional preventive diplomacy, planned workshops and UNAMA liaison","I.79-I.83","A/81/7","https://docs.un.org/en/A/81/7#page=75","general_or_specific_functional_relevance","no","not_determined","Map actual services, inputs, recipients and readiness protections","No mission-specific ACABQ savings inferred from Chapter I thematic commentary"
"AM010","SPM029","XR13","Central Asia regional preventive diplomacy, planned workshops and UNAMA liaison","II.7","A/81/7","https://docs.un.org/en/A/81/7#page=118","regional_or_SPMS_interface","no","not_determined","Map distinct final diplomatic reports and authors","No mission-specific ACABQ savings inferred from Chapter I thematic commentary"
"AM011","SPM029","XR14","Central Asia regional preventive diplomacy, planned workshops and UNAMA liaison","II.4","A/81/7","https://docs.un.org/en/A/81/7#page=117","general_or_specific_functional_relevance","no","not_determined","Map actual services, inputs, recipients and readiness protections","No mission-specific ACABQ savings inferred from Chapter I thematic commentary"
"AM012","SPM030","XR04","Existing UNOWAS-hosted Commission administrative operations and reporting to states","I.10","A/81/7","https://docs.un.org/en/A/81/7#page=16","Secretariat_wide_reporting_expectation","no","not_determined","Preserve already booked SG efficiencies with implementation status and gross/net distinctions","No mission-specific ACABQ savings inferred from Chapter I thematic commentary"
"AM013","SPM030","XR10","Existing UNOWAS-hosted Commission administrative operations and reporting to states","I.79-I.83","A/81/7","https://docs.un.org/en/A/81/7#page=75","general_or_specific_functional_relevance","no","not_determined","Map actual services, inputs, recipients and readiness protections","No mission-specific ACABQ savings inferred from Chapter I thematic commentary"
"AM014","SPM030","XR12","Existing UNOWAS-hosted Commission administrative operations and reporting to states","I.87-I.93","A/81/7","https://docs.un.org/en/A/81/7#page=79","conditional_CAP_governance_not_proof_this_mission_CAP_client","no","not_determined","Check service-provider agreement, delegated authority, retained local functions","No mission-specific ACABQ savings inferred from Chapter I thematic commentary"
"AM015","SPM030","XR13","Existing UNOWAS-hosted Commission administrative operations and reporting to states","II.7","A/81/7","https://docs.un.org/en/A/81/7#page=118","regional_or_SPMS_interface","no","not_determined","Map distinct final diplomatic reports and authors","No mission-specific ACABQ savings inferred from Chapter I thematic commentary"
"AM016","SPM031","XR03","UNIFIL property transfers, UNSCOL shared back office and reporting authority","I.7","A/81/7","https://docs.un.org/en/A/81/7#page=15","general_or_specific_functional_relevance","no","not_determined","Map actual services, inputs, recipients and readiness protections","No mission-specific ACABQ savings inferred from Chapter I thematic commentary"
"AM017","SPM031","XR04","UNIFIL property transfers, UNSCOL shared back office and reporting authority","I.10","A/81/7","https://docs.un.org/en/A/81/7#page=16","Secretariat_wide_reporting_expectation","no","not_determined","Preserve already booked SG efficiencies with implementation status and gross/net distinctions","No mission-specific ACABQ savings inferred from Chapter I thematic commentary"
"AM018","SPM031","XR05","UNIFIL property transfers, UNSCOL shared back office and reporting authority","I.13","A/81/7","https://docs.un.org/en/A/81/7#page=17","general_or_specific_functional_relevance","no","not_determined","Map actual services, inputs, recipients and readiness protections","No mission-specific ACABQ savings inferred from Chapter I thematic commentary"
"AM019","SPM031","XR09","UNIFIL property transfers, UNSCOL shared back office and reporting authority","I.72-I.76","A/81/7","https://docs.un.org/en/A/81/7#page=72","general_or_specific_functional_relevance","no","not_determined","Inspect documented asset handover and planned procurement avoidance","No mission-specific ACABQ savings inferred from Chapter I thematic commentary"
"AM020","SPM031","XR10","UNIFIL property transfers, UNSCOL shared back office and reporting authority","I.79-I.83","A/81/7","https://docs.un.org/en/A/81/7#page=75","general_or_specific_functional_relevance","no","not_determined","Map actual services, inputs, recipients and readiness protections","No mission-specific ACABQ savings inferred from Chapter I thematic commentary"
"AM021","SPM031","XR12","UNIFIL property transfers, UNSCOL shared back office and reporting authority","I.87-I.93","A/81/7","https://docs.un.org/en/A/81/7#page=79","conditional_CAP_governance_not_proof_this_mission_CAP_client","no","not_determined","Check service-provider agreement, delegated authority, retained local functions","No mission-specific ACABQ savings inferred from Chapter I thematic commentary"
"AM022","SPM031","XR13","UNIFIL property transfers, UNSCOL shared back office and reporting authority","II.7","A/81/7","https://docs.un.org/en/A/81/7#page=118","regional_or_SPMS_interface","no","not_determined","Map distinct final diplomatic reports and authors","No mission-specific ACABQ savings inferred from Chapter I thematic commentary"
"AM023","SPM032","XR04","UNOCA planned regional reporting and shared UNOWAS threat inputs","I.10","A/81/7","https://docs.un.org/en/A/81/7#page=16","Secretariat_wide_reporting_expectation","no","not_determined","Preserve already booked SG efficiencies with implementation status and gross/net distinctions","No mission-specific ACABQ savings inferred from Chapter I thematic commentary"
"AM024","SPM032","XR08","UNOCA planned regional reporting and shared UNOWAS threat inputs","I.68-I.69","A/81/7","https://docs.un.org/en/A/81/7#page=62","general_or_specific_functional_relevance","no","not_determined","Map actual services, inputs, recipients and readiness protections","No mission-specific ACABQ savings inferred from Chapter I thematic commentary"
"AM025","SPM032","XR10","UNOCA planned regional reporting and shared UNOWAS threat inputs","I.79-I.83","A/81/7","https://docs.un.org/en/A/81/7#page=75","general_or_specific_functional_relevance","no","not_determined","Map actual services, inputs, recipients and readiness protections","No mission-specific ACABQ savings inferred from Chapter I thematic commentary"
"AM026","SPM032","XR13","UNOCA planned regional reporting and shared UNOWAS threat inputs","II.7","A/81/7","https://docs.un.org/en/A/81/7#page=118","regional_or_SPMS_interface","no","not_determined","Map distinct final diplomatic reports and authors","No mission-specific ACABQ savings inferred from Chapter I thematic commentary"
"AM027","SPM032","XR14","UNOCA planned regional reporting and shared UNOWAS threat inputs","II.4","A/81/7","https://docs.un.org/en/A/81/7#page=117","general_or_specific_functional_relevance","no","not_determined","Map actual services, inputs, recipients and readiness protections","No mission-specific ACABQ savings inferred from Chapter I thematic commentary"
"AM028","SPM033","XR03","UNSMIL compound redesign, field security and changing proposed staffing","I.7","A/81/7","https://docs.un.org/en/A/81/7#page=15","general_or_specific_functional_relevance","no","not_determined","Map actual services, inputs, recipients and readiness protections","No mission-specific ACABQ savings inferred from Chapter I thematic commentary"
"AM029","SPM033","XR04","UNSMIL compound redesign, field security and changing proposed staffing","I.10","A/81/7","https://docs.un.org/en/A/81/7#page=16","Secretariat_wide_reporting_expectation","no","not_determined","Preserve already booked SG efficiencies with implementation status and gross/net distinctions","No mission-specific ACABQ savings inferred from Chapter I thematic commentary"
"AM030","SPM033","XR07","UNSMIL compound redesign, field security and changing proposed staffing","I.40","A/81/7","https://docs.un.org/en/A/81/7#page=47","general_or_specific_functional_relevance","no","not_determined","Map actual services, inputs, recipients and readiness protections","No mission-specific ACABQ savings inferred from Chapter I thematic commentary"
"AM031","SPM033","XR09","UNSMIL compound redesign, field security and changing proposed staffing","I.72-I.76","A/81/7","https://docs.un.org/en/A/81/7#page=72","general_or_specific_functional_relevance","no","not_determined","Inspect documented asset handover and planned procurement avoidance","No mission-specific ACABQ savings inferred from Chapter I thematic commentary"
"AM032","SPM033","XR10","UNSMIL compound redesign, field security and changing proposed staffing","I.79-I.83","A/81/7","https://docs.un.org/en/A/81/7#page=75","general_or_specific_functional_relevance","no","not_determined","Map actual services, inputs, recipients and readiness protections","No mission-specific ACABQ savings inferred from Chapter I thematic commentary"
"AM033","SPM033","XR16","UNSMIL compound redesign, field security and changing proposed staffing","I.50-I.53","A/81/7","https://docs.un.org/en/A/81/7#page=55","prior_staff_changes_reporting","no","not_determined","Distinguish post abolishment from transfer, vacancies and annualized costs","No mission-specific ACABQ savings inferred from Chapter I thematic commentary"
"AM034","SPM034","XR04","Colombia verification field aviation, high-level staffing and protected access","I.10","A/81/7","https://docs.un.org/en/A/81/7#page=16","Secretariat_wide_reporting_expectation","no","not_determined","Preserve already booked SG efficiencies with implementation status and gross/net distinctions","No mission-specific ACABQ savings inferred from Chapter I thematic commentary"
"AM035","SPM034","XR07","Colombia verification field aviation, high-level staffing and protected access","I.40","A/81/7","https://docs.un.org/en/A/81/7#page=47","general_or_specific_functional_relevance","no","not_determined","Map actual services, inputs, recipients and readiness protections","No mission-specific ACABQ savings inferred from Chapter I thematic commentary"
"AM036","SPM034","XR09","Colombia verification field aviation, high-level staffing and protected access","I.72-I.76","A/81/7","https://docs.un.org/en/A/81/7#page=72","general_or_specific_functional_relevance","no","not_determined","Inspect documented asset handover and planned procurement avoidance","No mission-specific ACABQ savings inferred from Chapter I thematic commentary"
"AM037","SPM034","XR10","Colombia verification field aviation, high-level staffing and protected access","I.79-I.83","A/81/7","https://docs.un.org/en/A/81/7#page=75","general_or_specific_functional_relevance","no","not_determined","Map actual services, inputs, recipients and readiness protections","No mission-specific ACABQ savings inferred from Chapter I thematic commentary"
"AM038","SPM034","XR16","Colombia verification field aviation, high-level staffing and protected access","I.50-I.53","A/81/7","https://docs.un.org/en/A/81/7#page=55","prior_staff_changes_reporting","no","not_determined","Distinguish post abolishment from transfer, vacancies and annualized costs","No mission-specific ACABQ savings inferred from Chapter I thematic commentary"
"AM039","SPM035","XR04","UNSOH shared support and BINUH proposed staffing reductions and cost recovery","I.10","A/81/7","https://docs.un.org/en/A/81/7#page=16","Secretariat_wide_reporting_expectation","no","not_determined","Preserve already booked SG efficiencies with implementation status and gross/net distinctions","No mission-specific ACABQ savings inferred from Chapter I thematic commentary"
"AM040","SPM035","XR05","UNSOH shared support and BINUH proposed staffing reductions and cost recovery","I.13","A/81/7","https://docs.un.org/en/A/81/7#page=17","general_or_specific_functional_relevance","no","not_determined","Map actual services, inputs, recipients and readiness protections","No mission-specific ACABQ savings inferred from Chapter I thematic commentary"
"AM041","SPM035","XR07","UNSOH shared support and BINUH proposed staffing reductions and cost recovery","I.40","A/81/7","https://docs.un.org/en/A/81/7#page=47","general_or_specific_functional_relevance","no","not_determined","Map actual services, inputs, recipients and readiness protections","No mission-specific ACABQ savings inferred from Chapter I thematic commentary"
"AM042","SPM035","XR10","UNSOH shared support and BINUH proposed staffing reductions and cost recovery","I.79-I.83","A/81/7","https://docs.un.org/en/A/81/7#page=75","general_or_specific_functional_relevance","no","not_determined","Map actual services, inputs, recipients and readiness protections","No mission-specific ACABQ savings inferred from Chapter I thematic commentary"
"AM043","SPM035","XR12","UNSOH shared support and BINUH proposed staffing reductions and cost recovery","I.87-I.93","A/81/7","https://docs.un.org/en/A/81/7#page=79","conditional_CAP_governance_not_proof_this_mission_CAP_client","no","not_determined","Check service-provider agreement, delegated authority, retained local functions","No mission-specific ACABQ savings inferred from Chapter I thematic commentary"
"AM044","SPM035","XR16","UNSOH shared support and BINUH proposed staffing reductions and cost recovery","I.50-I.53","A/81/7","https://docs.un.org/en/A/81/7#page=55","prior_staff_changes_reporting","no","not_determined","Distinguish post abolishment from transfer, vacancies and annualized costs","No mission-specific ACABQ savings inferred from Chapter I thematic commentary"
"AM045","SPM036","XR04","UNAMA reductions and humanitarian/political monitoring with UNRCCA inputs","I.10","A/81/7","https://docs.un.org/en/A/81/7#page=16","Secretariat_wide_reporting_expectation","no","not_determined","Preserve already booked SG efficiencies with implementation status and gross/net distinctions","No mission-specific ACABQ savings inferred from Chapter I thematic commentary"
"AM046","SPM036","XR07","UNAMA reductions and humanitarian/political monitoring with UNRCCA inputs","I.40","A/81/7","https://docs.un.org/en/A/81/7#page=47","general_or_specific_functional_relevance","no","not_determined","Map actual services, inputs, recipients and readiness protections","No mission-specific ACABQ savings inferred from Chapter I thematic commentary"
"AM047","SPM036","XR08","UNAMA reductions and humanitarian/political monitoring with UNRCCA inputs","I.68-I.69","A/81/7","https://docs.un.org/en/A/81/7#page=62","general_or_specific_functional_relevance","no","not_determined","Map actual services, inputs, recipients and readiness protections","No mission-specific ACABQ savings inferred from Chapter I thematic commentary"
"AM048","SPM036","XR09","UNAMA reductions and humanitarian/political monitoring with UNRCCA inputs","I.72-I.76","A/81/7","https://docs.un.org/en/A/81/7#page=72","general_or_specific_functional_relevance","no","not_determined","Inspect documented asset handover and planned procurement avoidance","No mission-specific ACABQ savings inferred from Chapter I thematic commentary"
"AM049","SPM036","XR10","UNAMA reductions and humanitarian/political monitoring with UNRCCA inputs","I.79-I.83","A/81/7","https://docs.un.org/en/A/81/7#page=75","general_or_specific_functional_relevance","no","not_determined","Map actual services, inputs, recipients and readiness protections","No mission-specific ACABQ savings inferred from Chapter I thematic commentary"
"AM050","SPM036","XR13","UNAMA reductions and humanitarian/political monitoring with UNRCCA inputs","II.7","A/81/7","https://docs.un.org/en/A/81/7#page=118","regional_or_SPMS_interface","no","not_determined","Map distinct final diplomatic reports and authors","No mission-specific ACABQ savings inferred from Chapter I thematic commentary"
"AM051","SPM036","XR16","UNAMA reductions and humanitarian/political monitoring with UNRCCA inputs","I.50-I.53","A/81/7","https://docs.un.org/en/A/81/7#page=55","prior_staff_changes_reporting","no","not_determined","Distinguish post abolishment from transfer, vacancies and annualized costs","No mission-specific ACABQ savings inferred from Chapter I thematic commentary"
