"action_id","financial_perimeter","entity_id","entity","cost_category","acabq_minus_sg_usd_thousands","source_document","paragraph","source_pdf_page","recommendation_detail","approval_stage","financial_effect_characterization","not_mission_consolidation_saving","fiscal_2027","review_date"
"A001","SPM_CLUSTER_1","SPM005","Geneva International Discussions","travel","-4.8","A/81/7/Add.2","30","13_and_16","Official travel for suspended Incident Prevention and Response Mechanism; reduction 10% of $47,900","recommendation_not_adopted","advisory_budget_change_not_realized_saving","yes","calendar_year","2026-10-08"
"A002","SPM_CLUSTER_1","SPM006","Syria Special Envoy","international_staff","34.1","A/81/7/Add.2","21","9_and_16","Reject SG proposed D-1 to P-5 Chief of Staff reclassification at present stage","recommendation_not_adopted","advisory_budget_change_not_realized_saving","yes","calendar_year","2026-10-08"
"A003","SPM_CLUSTER_1","SPM006","Syria Special Envoy","facilities_infrastructure","-121.7","A/81/7/Add.2","31","14_and_16","Reduce nonrecurrent $2,433,700 Syria relocation works by 5%; not confirmed actual relocation savings","recommendation_not_adopted","advisory_budget_change_not_realized_saving","yes","calendar_year","2026-10-08"
"A004","SPM_CLUSTER_1","SPM009","Yemen Special Envoy","air_operations","-90.1","A/81/7/Add.2","32","14_and_16","Reduce flight-hours requirement by 5%; preserve operational readiness and evacuation capacity","recommendation_not_adopted","advisory_budget_change_not_realized_saving","yes","calendar_year","2026-10-08"
"A005","SECTION_3_NON_SPM","DPPA","Political Affairs/DPPA","consultants","-12","A/81/7","II.18","119","Reduce $119,600 consultant budget by 10%","recommendation_not_adopted","advisory_budget_change_not_realized_saving","yes","calendar_year","2026-10-08"
"A006","SECTION_3_NON_SPM","UNSCO","UN Special Coordinator for Middle East Peace Process","P5_post","-160.5","A/81/7","II.29_b","123_to_125_and_136","Do not establish proposed P-5 Senior Peacebuilding Officer Jerusalem; separate Gaza P-5 not rejected","recommendation_not_adopted","advisory_budget_change_not_realized_saving","yes","calendar_year","2026-10-08"
"A007","SECTION_3_NON_SPM","UNSCO","UN Special Coordinator for Middle East Peace Process","contractual_services","-12","A/81/7","II.29_b","136","Related nonpost cost associated with rejected P-5","recommendation_not_adopted","advisory_budget_change_not_realized_saving","yes","calendar_year","2026-10-08"
"A008","SECTION_3_NON_SPM","UNSCO","UN Special Coordinator for Middle East Peace Process","general_operating_expenses","-1.6","A/81/7","II.29_b","136","Related nonpost cost associated with rejected P-5","recommendation_not_adopted","advisory_budget_change_not_realized_saving","yes","calendar_year","2026-10-08"
"A009","SECTION_3_NON_SPM","UNSCO","UN Special Coordinator for Middle East Peace Process","supplies_materials","-0.1","A/81/7","II.29_b","136","Related nonpost cost associated with rejected P-5","recommendation_not_adopted","advisory_budget_change_not_realized_saving","yes","calendar_year","2026-10-08"
"A010","SECTION_3_NON_SPM","UNSCO","UN Special Coordinator for Middle East Peace Process","furniture_equipment","-3.1","A/81/7","II.29_b","136","Related nonpost cost associated with rejected P-5","recommendation_not_adopted","advisory_budget_change_not_realized_saving","yes","calendar_year","2026-10-08"
"A011","SECTION_5_REGULAR","UNMOGIP","UN Military Observer Group India and Pakistan","international_staff","-18.2","A/81/7","II.153","154_and_156","Against two Field Service to P-3 reclassifications; not post abolishment","recommendation_not_adopted","advisory_budget_change_not_realized_saving","yes","calendar_year","2026-10-08"
"A012","SECTION_5_REGULAR","UNMOGIP","UN Military Observer Group India and Pakistan","staff_travel_training","-8.5","A/81/7","II.158","155_and_156","Reduce non-operational travel for training and conference use by 10%","recommendation_not_adopted","advisory_budget_change_not_realized_saving","yes","calendar_year","2026-10-08"
