"symbol","date","year","series","source_url","document_url","source_level","content_test","type","duplicate_cost","incremental_savings"
"S/2025/187","2025-03-26","2025","UNOWAS","https://main.un.org/securitycouncil/en/content/reports-submitted-transmitted-secretary-general-security-council-2025","https://docs.un.org/en/S/2025/187","official_UNSC_annual_SG_index","not_fulltext_checked","individual_SG_report_symbol","not_verified","not_estimated"
"S/2025/495","2025-07-31","2025","UNOWAS","https://main.un.org/securitycouncil/en/content/reports-submitted-transmitted-secretary-general-security-council-2025","https://docs.un.org/en/S/2025/495","official_UNSC_annual_SG_index","not_fulltext_checked","individual_SG_report_symbol","not_verified","not_estimated"
"S/2025/771","2025-11-28","2025","UNOWAS","https://main.un.org/securitycouncil/en/content/reports-submitted-transmitted-secretary-general-security-council-2025","https://docs.un.org/en/S/2025/771","official_UNSC_annual_SG_index","not_fulltext_checked","individual_SG_report_symbol","not_verified","not_estimated"
"S/2026/537","2026-06-30","2026","UNOWAS","https://main.un.org/securitycouncil/en/content/reports-submitted-transmitted-secretary-general-security-council-2026","https://docs.un.org/en/S/2026/537","official_UNSC_annual_SG_index","not_fulltext_checked","individual_SG_report_symbol","not_verified","not_estimated"
"S/2025/342","2025-05-30","2025","UNOCA","https://main.un.org/securitycouncil/en/content/reports-submitted-transmitted-secretary-general-security-council-2025","https://docs.un.org/en/S/2025/342","official_UNSC_annual_SG_index","not_fulltext_checked","individual_SG_report_symbol","not_verified","not_estimated"
"S/2025/772","2025-11-28","2025","UNOCA","https://main.un.org/securitycouncil/en/content/reports-submitted-transmitted-secretary-general-security-council-2025","https://docs.un.org/en/S/2025/772","official_UNSC_annual_SG_index","not_fulltext_checked","individual_SG_report_symbol","not_verified","not_estimated"
"S/2026/445","2026-05-29","2026","UNOCA","https://main.un.org/securitycouncil/en/content/reports-submitted-transmitted-secretary-general-security-council-2026","https://docs.un.org/en/S/2026/445","official_UNSC_annual_SG_index","not_fulltext_checked","individual_SG_report_symbol","not_verified","not_estimated"
"S/2025/109","2025-02-21","2025","UNAMA","https://main.un.org/securitycouncil/en/content/reports-submitted-transmitted-secretary-general-security-council-2025","https://docs.un.org/en/S/2025/109","official_UNSC_annual_SG_index","not_fulltext_checked","individual_SG_report_symbol","not_verified","not_estimated"
"S/2025/372","2025-06-11","2025","UNAMA","https://main.un.org/securitycouncil/en/content/reports-submitted-transmitted-secretary-general-security-council-2025","https://docs.un.org/en/S/2025/372","official_UNSC_annual_SG_index","not_fulltext_checked","individual_SG_report_symbol","not_verified","not_estimated"
"S/2025/554","2025-09-05","2025","UNAMA","https://main.un.org/securitycouncil/en/content/reports-submitted-transmitted-secretary-general-security-council-2025","https://docs.un.org/en/S/2025/554","official_UNSC_annual_SG_index","not_fulltext_checked","individual_SG_report_symbol","not_verified","not_estimated"
"S/2025/789","2025-12-03","2025","UNAMA","https://main.un.org/securitycouncil/en/content/reports-submitted-transmitted-secretary-general-security-council-2025","https://docs.un.org/en/S/2025/789","official_UNSC_annual_SG_index","not_fulltext_checked","individual_SG_report_symbol","not_verified","not_estimated"
"S/2026/99","2026-02-27","2026","UNAMA","https://main.un.org/securitycouncil/en/content/reports-submitted-transmitted-secretary-general-security-council-2026","https://docs.un.org/en/S/2026/99","official_UNSC_annual_SG_index","not_fulltext_checked","individual_SG_report_symbol","not_verified","not_estimated"
"S/2026/431","2026-05-22","2026","UNAMA","https://main.un.org/securitycouncil/en/content/reports-submitted-transmitted-secretary-general-security-council-2026","https://docs.un.org/en/S/2026/431","official_UNSC_annual_SG_index","not_fulltext_checked","individual_SG_report_symbol","not_verified","not_estimated"
"S/2026/724","2026-09-09","2026","UNAMA","https://main.un.org/securitycouncil/en/content/reports-submitted-transmitted-secretary-general-security-council-2026","https://docs.un.org/en/S/2026/724","official_UNSC_annual_SG_index","not_fulltext_checked","individual_SG_report_symbol","not_verified","not_estimated"
"S/2025/153","2025-03-12","2025","Lebanon_1701","https://main.un.org/securitycouncil/en/content/reports-submitted-transmitted-secretary-general-security-council-2025","https://docs.un.org/en/S/2025/153","official_UNSC_annual_SG_index","not_fulltext_checked","individual_SG_report_symbol","not_verified","not_estimated"
"S/2025/460","2025-07-11","2025","Lebanon_1701","https://main.un.org/securitycouncil/en/content/reports-submitted-transmitted-secretary-general-security-council-2025","https://docs.un.org/en/S/2025/460","official_UNSC_annual_SG_index","not_fulltext_checked","individual_SG_report_symbol","not_verified","not_estimated"
"S/2025/738","2025-11-11","2025","Lebanon_1701","https://main.un.org/securitycouncil/en/content/reports-submitted-transmitted-secretary-general-security-council-2025","https://docs.un.org/en/S/2025/738","official_UNSC_annual_SG_index","not_fulltext_checked","individual_SG_report_symbol","not_verified","not_estimated"
"S/2026/160","2026-03-11","2026","Lebanon_1701","https://main.un.org/securitycouncil/en/content/reports-submitted-transmitted-secretary-general-security-council-2026","https://docs.un.org/en/S/2026/160","official_UNSC_annual_SG_index","not_fulltext_checked","individual_SG_report_symbol","not_verified","not_estimated"
"S/2026/566","2026-07-09","2026","Lebanon_1701","https://main.un.org/securitycouncil/en/content/reports-submitted-transmitted-secretary-general-security-council-2026","https://docs.un.org/en/S/2026/566","official_UNSC_annual_SG_index","not_fulltext_checked","individual_SG_report_symbol","not_verified","not_estimated"
"S/2025/254","2025-04-25","2025","Lebanon_1559","https://main.un.org/securitycouncil/en/content/reports-submitted-transmitted-secretary-general-security-council-2025","https://docs.un.org/en/S/2025/254","official_UNSC_annual_SG_index","not_fulltext_checked","individual_SG_report_symbol","not_verified","not_estimated"
"S/2025/625","2025-10-07","2025","Lebanon_1559","https://main.un.org/securitycouncil/en/content/reports-submitted-transmitted-secretary-general-security-council-2025","https://docs.un.org/en/S/2025/625","official_UNSC_annual_SG_index","not_fulltext_checked","individual_SG_report_symbol","not_verified","not_estimated"
"S/2026/366","2026-04-24","2026","Lebanon_1559","https://main.un.org/securitycouncil/en/content/reports-submitted-transmitted-secretary-general-security-council-2026","https://docs.un.org/en/S/2026/366","official_UNSC_annual_SG_index","not_fulltext_checked","individual_SG_report_symbol","not_verified","not_estimated"
"S/2025/202","2025-04-01","2025","DRC_PSC","https://main.un.org/securitycouncil/en/content/reports-submitted-transmitted-secretary-general-security-council-2025","https://docs.un.org/en/S/2025/202","official_UNSC_annual_SG_index","not_fulltext_checked","individual_SG_report_symbol","not_verified","not_estimated"
"S/2025/615","2025-10-01","2025","DRC_PSC","https://main.un.org/securitycouncil/en/content/reports-submitted-transmitted-secretary-general-security-council-2025","https://docs.un.org/en/S/2025/615","official_UNSC_annual_SG_index","not_fulltext_checked","individual_SG_report_symbol","not_verified","not_estimated"
"S/2026/256","2026-03-31","2026","DRC_PSC","https://main.un.org/securitycouncil/en/content/reports-submitted-transmitted-secretary-general-security-council-2026","https://docs.un.org/en/S/2026/256","official_UNSC_annual_SG_index","not_fulltext_checked","individual_SG_report_symbol","not_verified","not_estimated"
"S/2026/782","2026-10-01","2026","DRC_PSC","https://main.un.org/securitycouncil/en/content/reports-submitted-transmitted-secretary-general-security-council-2026","https://docs.un.org/en/S/2026/782","official_UNSC_annual_SG_index","not_fulltext_checked","individual_SG_report_symbol","not_verified","not_estimated"
"S/2025/176","2025-03-20","2025","MONUSCO","https://main.un.org/securitycouncil/en/content/reports-submitted-transmitted-secretary-general-security-council-2025","https://docs.un.org/en/S/2025/176","official_UNSC_annual_SG_index","not_fulltext_checked","individual_SG_report_symbol","not_verified","not_estimated"
"S/2025/403","2025-06-23","2025","MONUSCO","https://main.un.org/securitycouncil/en/content/reports-submitted-transmitted-secretary-general-security-council-2025","https://docs.un.org/en/S/2025/403","official_UNSC_annual_SG_index","not_fulltext_checked","individual_SG_report_symbol","not_verified","not_estimated"
"S/2025/590","2025-09-19","2025","MONUSCO","https://main.un.org/securitycouncil/en/content/reports-submitted-transmitted-secretary-general-security-council-2025","https://docs.un.org/en/S/2025/590","official_UNSC_annual_SG_index","not_fulltext_checked","individual_SG_report_symbol","not_verified","not_estimated"
"S/2025/779","2025-12-01","2025","MONUSCO","https://main.un.org/securitycouncil/en/content/reports-submitted-transmitted-secretary-general-security-council-2025","https://docs.un.org/en/S/2025/779","official_UNSC_annual_SG_index","not_fulltext_checked","individual_SG_report_symbol","not_verified","not_estimated"
"S/2026/208","2026-03-19","2026","MONUSCO","https://main.un.org/securitycouncil/en/content/reports-submitted-transmitted-secretary-general-security-council-2026","https://docs.un.org/en/S/2026/208","official_UNSC_annual_SG_index","not_fulltext_checked","individual_SG_report_symbol","not_verified","not_estimated"
"S/2026/507","2026-06-19","2026","MONUSCO","https://main.un.org/securitycouncil/en/content/reports-submitted-transmitted-secretary-general-security-council-2026","https://docs.un.org/en/S/2026/507","official_UNSC_annual_SG_index","not_fulltext_checked","individual_SG_report_symbol","not_verified","not_estimated"
"S/2026/748","2026-09-21","2026","MONUSCO","https://main.un.org/securitycouncil/en/content/reports-submitted-transmitted-secretary-general-security-council-2026","https://docs.un.org/en/S/2026/748","official_UNSC_annual_SG_index","not_fulltext_checked","individual_SG_report_symbol","not_verified","not_estimated"
"S/2025/97","2025-02-14","2025","MINUSCA","https://main.un.org/securitycouncil/en/content/reports-submitted-transmitted-secretary-general-security-council-2025","https://docs.un.org/en/S/2025/97","official_UNSC_annual_SG_index","not_fulltext_checked","individual_SG_report_symbol","not_verified","not_estimated"
"S/2025/383","2025-06-13","2025","MINUSCA","https://main.un.org/securitycouncil/en/content/reports-submitted-transmitted-secretary-general-security-council-2025","https://docs.un.org/en/S/2025/383","official_UNSC_annual_SG_index","not_fulltext_checked","individual_SG_report_symbol","not_verified","not_estimated"
"S/2025/638","2025-10-10","2025","MINUSCA","https://main.un.org/securitycouncil/en/content/reports-submitted-transmitted-secretary-general-security-council-2025","https://docs.un.org/en/S/2025/638","official_UNSC_annual_SG_index","not_fulltext_checked","individual_SG_report_symbol","not_verified","not_estimated"
"S/2026/71","2026-02-13","2026","MINUSCA","https://main.un.org/securitycouncil/en/content/reports-submitted-transmitted-secretary-general-security-council-2026","https://docs.un.org/en/S/2026/71","official_UNSC_annual_SG_index","not_fulltext_checked","individual_SG_report_symbol","not_verified","not_estimated"
"S/2026/494","2026-06-15","2026","MINUSCA","https://main.un.org/securitycouncil/en/content/reports-submitted-transmitted-secretary-general-security-council-2026","https://docs.un.org/en/S/2026/494","official_UNSC_annual_SG_index","not_fulltext_checked","individual_SG_report_symbol","not_verified","not_estimated"
"S/2025/269","2025-05-01","2025","UNISFA","https://main.un.org/securitycouncil/en/content/reports-submitted-transmitted-secretary-general-security-council-2025","https://docs.un.org/en/S/2025/269","official_UNSC_annual_SG_index","not_fulltext_checked","individual_SG_report_symbol","not_verified","not_estimated"
"S/2025/649","2025-10-15","2025","UNISFA","https://main.un.org/securitycouncil/en/content/reports-submitted-transmitted-secretary-general-security-council-2025","https://docs.un.org/en/S/2025/649","official_UNSC_annual_SG_index","not_fulltext_checked","individual_SG_report_symbol","not_verified","not_estimated"
"S/2026/378","2026-05-01","2026","UNISFA","https://main.un.org/securitycouncil/en/content/reports-submitted-transmitted-secretary-general-security-council-2026","https://docs.un.org/en/S/2026/378","official_UNSC_annual_SG_index","not_fulltext_checked","individual_SG_report_symbol","not_verified","not_estimated"
"S/2025/54","2025-01-24","2025","UNMISS","https://main.un.org/securitycouncil/en/content/reports-submitted-transmitted-secretary-general-security-council-2025","https://docs.un.org/en/S/2025/54","official_UNSC_annual_SG_index","not_fulltext_checked","individual_SG_report_symbol","not_verified","not_estimated"
"S/2025/211","2025-04-07","2025","UNMISS","https://main.un.org/securitycouncil/en/content/reports-submitted-transmitted-secretary-general-security-council-2025","https://docs.un.org/en/S/2025/211","official_UNSC_annual_SG_index","not_fulltext_checked","individual_SG_report_symbol","not_verified","not_estimated"
"S/2025/504","2025-08-07","2025","UNMISS","https://main.un.org/securitycouncil/en/content/reports-submitted-transmitted-secretary-general-security-council-2025","https://docs.un.org/en/S/2025/504","official_UNSC_annual_SG_index","not_fulltext_checked","individual_SG_report_symbol","not_verified","not_estimated"
"S/2025/706","2025-11-04","2025","UNMISS","https://main.un.org/securitycouncil/en/content/reports-submitted-transmitted-secretary-general-security-council-2025","https://docs.un.org/en/S/2025/706","official_UNSC_annual_SG_index","not_fulltext_checked","individual_SG_report_symbol","not_verified","not_estimated"
"S/2026/58","2026-02-02","2026","UNMISS","https://main.un.org/securitycouncil/en/content/reports-submitted-transmitted-secretary-general-security-council-2026","https://docs.un.org/en/S/2026/58","official_UNSC_annual_SG_index","not_fulltext_checked","individual_SG_report_symbol","not_verified","not_estimated"
"S/2026/316","2026-04-13","2026","UNMISS","https://main.un.org/securitycouncil/en/content/reports-submitted-transmitted-secretary-general-security-council-2026","https://docs.un.org/en/S/2026/316","official_UNSC_annual_SG_index","not_fulltext_checked","individual_SG_report_symbol","not_verified","not_estimated"
"S/2026/640","2026-07-31","2026","UNMISS","https://main.un.org/securitycouncil/en/content/reports-submitted-transmitted-secretary-general-security-council-2026","https://docs.un.org/en/S/2026/640","official_UNSC_annual_SG_index","not_fulltext_checked","individual_SG_report_symbol","not_verified","not_estimated"
"S/2025/28","2025-01-13","2025","BINUH","https://main.un.org/securitycouncil/en/content/reports-submitted-transmitted-secretary-general-security-council-2025","https://docs.un.org/en/S/2025/28","official_UNSC_annual_SG_index","not_fulltext_checked","individual_SG_report_symbol","not_verified","not_estimated"
"S/2025/226","2025-04-14","2025","BINUH","https://main.un.org/securitycouncil/en/content/reports-submitted-transmitted-secretary-general-security-council-2025","https://docs.un.org/en/S/2025/226","official_UNSC_annual_SG_index","not_fulltext_checked","individual_SG_report_symbol","not_verified","not_estimated"
"S/2025/418","2025-06-27","2025","BINUH","https://main.un.org/securitycouncil/en/content/reports-submitted-transmitted-secretary-general-security-council-2025","https://docs.un.org/en/S/2025/418","official_UNSC_annual_SG_index","not_fulltext_checked","individual_SG_report_symbol","not_verified","not_estimated"
"S/2025/641","2025-10-14","2025","BINUH","https://main.un.org/securitycouncil/en/content/reports-submitted-transmitted-secretary-general-security-council-2025","https://docs.un.org/en/S/2025/641","official_UNSC_annual_SG_index","not_fulltext_checked","individual_SG_report_symbol","not_verified","not_estimated"
"S/2026/31","2026-01-15","2026","BINUH","https://main.un.org/securitycouncil/en/content/reports-submitted-transmitted-secretary-general-security-council-2026","https://docs.un.org/en/S/2026/31","official_UNSC_annual_SG_index","not_fulltext_checked","individual_SG_report_symbol","not_verified","not_estimated"
"S/2026/325","2026-04-14","2026","BINUH","https://main.un.org/securitycouncil/en/content/reports-submitted-transmitted-secretary-general-security-council-2026","https://docs.un.org/en/S/2026/325","official_UNSC_annual_SG_index","not_fulltext_checked","individual_SG_report_symbol","not_verified","not_estimated"
"S/2026/574","2026-07-14","2026","BINUH","https://main.un.org/securitycouncil/en/content/reports-submitted-transmitted-secretary-general-security-council-2026","https://docs.un.org/en/S/2026/574","official_UNSC_annual_SG_index","not_fulltext_checked","individual_SG_report_symbol","not_verified","not_estimated"
"S/2025/223","2025-04-11","2025","UNSMIL","https://main.un.org/securitycouncil/en/content/reports-submitted-transmitted-secretary-general-security-council-2025","https://docs.un.org/en/S/2025/223","official_UNSC_annual_SG_index","not_fulltext_checked","individual_SG_report_symbol","not_verified","not_estimated"
"S/2025/509","2025-08-08","2025","UNSMIL","https://main.un.org/securitycouncil/en/content/reports-submitted-transmitted-secretary-general-security-council-2025","https://docs.un.org/en/S/2025/509","official_UNSC_annual_SG_index","not_fulltext_checked","individual_SG_report_symbol","not_verified","not_estimated"
"S/2025/792","2025-12-05","2025","UNSMIL","https://main.un.org/securitycouncil/en/content/reports-submitted-transmitted-secretary-general-security-council-2025","https://docs.un.org/en/S/2025/792","official_UNSC_annual_SG_index","not_fulltext_checked","individual_SG_report_symbol","not_verified","not_estimated"
"S/2026/281","2026-04-06","2026","UNSMIL","https://main.un.org/securitycouncil/en/content/reports-submitted-transmitted-secretary-general-security-council-2026","https://docs.un.org/en/S/2026/281","official_UNSC_annual_SG_index","not_fulltext_checked","individual_SG_report_symbol","not_verified","not_estimated"
"S/2026/661","2026-08-10","2026","UNSMIL","https://main.un.org/securitycouncil/en/content/reports-submitted-transmitted-secretary-general-security-council-2026","https://docs.un.org/en/S/2026/661","official_UNSC_annual_SG_index","not_fulltext_checked","individual_SG_report_symbol","not_verified","not_estimated"
"S/2025/188","2025-03-27","2025","Colombia","https://main.un.org/securitycouncil/en/content/reports-submitted-transmitted-secretary-general-security-council-2025","https://docs.un.org/en/S/2025/188","official_UNSC_annual_SG_index","not_fulltext_checked","individual_SG_report_symbol","not_verified","not_estimated"
"S/2025/419","2025-06-27","2025","Colombia","https://main.un.org/securitycouncil/en/content/reports-submitted-transmitted-secretary-general-security-council-2025","https://docs.un.org/en/S/2025/419","official_UNSC_annual_SG_index","not_fulltext_checked","individual_SG_report_symbol","not_verified","not_estimated"
"S/2025/595","2025-09-26","2025","Colombia","https://main.un.org/securitycouncil/en/content/reports-submitted-transmitted-secretary-general-security-council-2025","https://docs.un.org/en/S/2025/595","official_UNSC_annual_SG_index","not_fulltext_checked","individual_SG_report_symbol","not_verified","not_estimated"
"S/2025/849","2025-12-26","2025","Colombia","https://main.un.org/securitycouncil/en/content/reports-submitted-transmitted-secretary-general-security-council-2025","https://docs.un.org/en/S/2025/849","official_UNSC_annual_SG_index","not_fulltext_checked","individual_SG_report_symbol","not_verified","not_estimated"
"S/2026/229","2026-03-26","2026","Colombia","https://main.un.org/securitycouncil/en/content/reports-submitted-transmitted-secretary-general-security-council-2026","https://docs.un.org/en/S/2026/229","official_UNSC_annual_SG_index","not_fulltext_checked","individual_SG_report_symbol","not_verified","not_estimated"
"S/2026/528","2026-06-26","2026","Colombia","https://main.un.org/securitycouncil/en/content/reports-submitted-transmitted-secretary-general-security-council-2026","https://docs.un.org/en/S/2026/528","official_UNSC_annual_SG_index","not_fulltext_checked","individual_SG_report_symbol","not_verified","not_estimated"
"S/2026/759","2026-09-25","2026","Colombia","https://main.un.org/securitycouncil/en/content/reports-submitted-transmitted-secretary-general-security-council-2026","https://docs.un.org/en/S/2026/759","official_UNSC_annual_SG_index","not_fulltext_checked","individual_SG_report_symbol","not_verified","not_estimated"
"S/2025/532","2025-08-25","2025","UNOAU","https://main.un.org/securitycouncil/en/content/reports-submitted-transmitted-secretary-general-security-council-2025","https://docs.un.org/en/S/2025/532","official_UNSC_annual_SG_index","not_fulltext_checked","individual_SG_report_symbol","not_verified","not_estimated"
"S/2026/682","2026-08-17","2026","UNOAU","https://main.un.org/securitycouncil/en/content/reports-submitted-transmitted-secretary-general-security-council-2026","https://docs.un.org/en/S/2026/682","official_UNSC_annual_SG_index","not_fulltext_checked","individual_SG_report_symbol","not_verified","not_estimated"
"S/2025/612","2025-09-30","2025","Western_Sahara","https://main.un.org/securitycouncil/en/content/reports-submitted-transmitted-secretary-general-security-council-2025","https://docs.un.org/en/S/2025/612","official_UNSC_annual_SG_index","not_fulltext_checked","individual_SG_report_symbol","not_verified","not_estimated"
"S/2026/781","2026-10-01","2026","Western_Sahara","https://main.un.org/securitycouncil/en/content/reports-submitted-transmitted-secretary-general-security-council-2026","https://docs.un.org/en/S/2026/781","official_UNSC_annual_SG_index","not_fulltext_checked","individual_SG_report_symbol","not_verified","not_estimated"
"S/2025/7","2025-01-14","2025","Cyprus_good_offices","https://main.un.org/securitycouncil/en/content/reports-submitted-transmitted-secretary-general-security-council-2025","https://docs.un.org/en/S/2025/7","official_UNSC_annual_SG_index","not_fulltext_checked","individual_SG_report_symbol","not_verified","not_estimated"
"S/2025/448","2025-07-03","2025","Cyprus_good_offices","https://main.un.org/securitycouncil/en/content/reports-submitted-transmitted-secretary-general-security-council-2025","https://docs.un.org/en/S/2025/448","official_UNSC_annual_SG_index","not_fulltext_checked","individual_SG_report_symbol","not_verified","not_estimated"
"S/2026/9","2026-01-05","2026","Cyprus_good_offices","https://main.un.org/securitycouncil/en/content/reports-submitted-transmitted-secretary-general-security-council-2026","https://docs.un.org/en/S/2026/9","official_UNSC_annual_SG_index","not_fulltext_checked","individual_SG_report_symbol","not_verified","not_estimated"
"S/2026/551","2026-07-06","2026","Cyprus_good_offices","https://main.un.org/securitycouncil/en/content/reports-submitted-transmitted-secretary-general-security-council-2026","https://docs.un.org/en/S/2026/551","official_UNSC_annual_SG_index","not_fulltext_checked","individual_SG_report_symbol","not_verified","not_estimated"
"S/2025/6","2025-01-03","2025","UNFICYP","https://main.un.org/securitycouncil/en/content/reports-submitted-transmitted-secretary-general-security-council-2025","https://docs.un.org/en/S/2025/6","official_UNSC_annual_SG_index","not_fulltext_checked","individual_SG_report_symbol","not_verified","not_estimated"
"S/2025/447","2025-07-03","2025","UNFICYP","https://main.un.org/securitycouncil/en/content/reports-submitted-transmitted-secretary-general-security-council-2025","https://docs.un.org/en/S/2025/447","official_UNSC_annual_SG_index","not_fulltext_checked","individual_SG_report_symbol","not_verified","not_estimated"
"S/2026/8","2026-01-05","2026","UNFICYP","https://main.un.org/securitycouncil/en/content/reports-submitted-transmitted-secretary-general-security-council-2026","https://docs.un.org/en/S/2026/8","official_UNSC_annual_SG_index","not_fulltext_checked","individual_SG_report_symbol","not_verified","not_estimated"
"S/2026/550","2026-07-06","2026","UNFICYP","https://main.un.org/securitycouncil/en/content/reports-submitted-transmitted-secretary-general-security-council-2026","https://docs.un.org/en/S/2026/550","official_UNSC_annual_SG_index","not_fulltext_checked","individual_SG_report_symbol","not_verified","not_estimated"
