"bridge_id","accounting_subject","citation_anchor","amount_usd_thousands_or_label","relation","comparison","restriction"
"BA01","DPO 2027 other-assessed amount","S05 p30 Table 5.I.18; A/80/631 p44","95464.1","equals","SA01+SA02+SA03+SA04+SA05","Same support-account DPO share is disclosed by both documents; count once"
"BA02","DPO department total 2027","S05 p30 Table 5.I.18","191510.0","includes","DPO_other_assessed_95464.1","DPO figure also includes regular and extrabudgetary; do not append other-assessed again"
"BA03","DPO component of peacekeeping support account","A/80/631 p44; S05 p30","95464.1","subset_of","support_account_core_estimate_320000.0","The 95.4641m DPO allocation is inside wider support-account proposal"
"BA04","Support account SG proposal total","A/80/631 p3","383400.0","includes","support_account_core_320000.0_plus_other_initiatives_63400.0","Rounded headline amounts not line-item reconciliation; do not add total and components"
"BA05","Support account distinct 2025/26 comparison baselines","A/80/631 p44; S05 p29-30","116437.6_vs_107860.3","different_published_baselines","original_support_apportionment_vs_S05_estimate","Investigate 2026 revised estimates; direct change comparison invalid"
"BA06","DPPA PBPS Office regular-budget financing","S03 p44 Table 3.I.21; p59 Table 3.I.36","54106.6","includes","grants_and_contributions_50000.0","Fifty-million programme grants are not office overhead"
"BA07","UNTSO 2027 regular-budget estimate","S05 p48 Table 5.II.8","40700.2","separate_entity","DPO_department_191510.0","Do not silently add to DPO department total as if its component; separately track unique programme scope"
"BA08","UNMOGIP 2027 regular-budget estimate","S05 p57 Table 5.III.6","8880.4","separate_entity","DPO_department_191510.0","Distinct field observer mission and mandate"
"BA09","SPM 2027 regular-budget estimates","S03 p113 3.VI.1; Annex IV p133","423544.5","separate_entity_in_section_3","DPPA_department_regular_104006.0","SPM estimates provisional; distinguish department from SPMs"
"BA10","SPM 2027 extrabudgetary estimates conflict","S03 p113 3.VI.1; Annex IV p133","37700.1_vs_32740.5","unreconciled_conflict","SPM_extrabudgetary","Do not force a single value; addenda required"
"BA11","Field missions 2026/27 gross proposals","A/80/623; A/80/624; A/80/634; A/80/614; A/80/621; A/80/628","see_mission_budget_register","non_additive_to_departmental_support_without_scope_reconciliation","DPO_support_95464.1","Field mission proposal budgets and DPO support-account are different cost objects; check internal transfer/service charges"
"BA12","Funding calendar mismatch","S03 and S05 calendar 2027; mission budgets July 2026-June 2027","calendar_versus_fiscal","non_comparable_periods","budget_2027_and_mission_2026_27","No annualized savings comparisons before period normalization"
"BA13","Mission proposed budgets versus GA authorizations","A/RES/80/275; 276; 278; 282; 283; 285","not_reconciled","proposal_vs_approved","mission_budget_register","Latest approved apportionment and post changes may differ from SG proposals"
