"evidence_id","object_type","object_id","side","source_id","document_symbol","pdf_page","source_anchor","official_url","verification_note"
"E0001","function","F01","DPPA","S03","A/81/6 (Sect. 3)","5","3.I.4;3.I.11;Annex I chart B","https://digitallibrary.un.org/nanna/record/4110936/files/A_81_6_%28Sect._3%29-EN.pdf?registerDownload=1&version=1&withMetadata=0&withWatermark=0#page=5","official full PDF link identified"
"E0002","function","F02","DPPA","S03","A/81/6 (Sect. 3)","12","3.I.3;3.I.19(a-c)","https://digitallibrary.un.org/nanna/record/4110936/files/A_81_6_%28Sect._3%29-EN.pdf?registerDownload=1&version=1&withMetadata=0&withWatermark=0#page=12","official full PDF link identified"
"E0003","function","F03","DPPA","S03","A/81/6 (Sect. 3)","12","3.I.19(c)","https://digitallibrary.un.org/nanna/record/4110936/files/A_81_6_%28Sect._3%29-EN.pdf?registerDownload=1&version=1&withMetadata=0&withWatermark=0#page=12","official full PDF link identified"
"E0004","function","F04","DPPA","S03","A/81/6 (Sect. 3)","4","3.I.1;3.I.19(c)(vi)","https://digitallibrary.un.org/nanna/record/4110936/files/A_81_6_%28Sect._3%29-EN.pdf?registerDownload=1&version=1&withMetadata=0&withWatermark=0#page=4","official full PDF link identified"
"E0005","function","F05","DPPA","S03","A/81/6 (Sect. 3)","17","3.I.32(a-d);Table 3.I.5","https://digitallibrary.un.org/nanna/record/4110936/files/A_81_6_%28Sect._3%29-EN.pdf?registerDownload=1&version=1&withMetadata=0&withWatermark=0#page=17","official full PDF link identified"
"E0006","function","F06","DPPA","S03","A/81/6 (Sect. 3)","21","3.I.45(a-d);Table 3.I.7","https://digitallibrary.un.org/nanna/record/4110936/files/A_81_6_%28Sect._3%29-EN.pdf?registerDownload=1&version=1&withMetadata=0&withWatermark=0#page=21","official full PDF link identified"
"E0007","function","F07","DPPA","S03","A/81/6 (Sect. 3)","22","3.I.45(e-h);Table 3.I.7","https://digitallibrary.un.org/nanna/record/4110936/files/A_81_6_%28Sect._3%29-EN.pdf?registerDownload=1&version=1&withMetadata=0&withWatermark=0#page=22","official full PDF link identified"
"E0008","function","F08","DPPA","S03","A/81/6 (Sect. 3)","26","3.I.58;Table 3.I.11","https://digitallibrary.un.org/nanna/record/4110936/files/A_81_6_%28Sect._3%29-EN.pdf?registerDownload=1&version=1&withMetadata=0&withWatermark=0#page=26","official full PDF link identified"
"E0009","function","F09","DPPA","S03","A/81/6 (Sect. 3)","30","3.I.71;Table 3.I.13","https://digitallibrary.un.org/nanna/record/4110936/files/A_81_6_%28Sect._3%29-EN.pdf?registerDownload=1&version=1&withMetadata=0&withWatermark=0#page=30","official full PDF link identified"
"E0010","function","F10","DPPA","S03","A/81/6 (Sect. 3)","34","3.I.84(a);Table 3.I.15","https://digitallibrary.un.org/nanna/record/4110936/files/A_81_6_%28Sect._3%29-EN.pdf?registerDownload=1&version=1&withMetadata=0&withWatermark=0#page=34","official full PDF link identified"
"E0011","function","F11","DPPA","S03","A/81/6 (Sect. 3)","34","3.I.84(b-c);3.I.88;Table 3.I.15","https://digitallibrary.un.org/nanna/record/4110936/files/A_81_6_%28Sect._3%29-EN.pdf?registerDownload=1&version=1&withMetadata=0&withWatermark=0#page=34","official full PDF link identified"
"E0012","function","F12","DPPA","S03","A/81/6 (Sect. 3)","6","3.I.11;3.I.84(d)","https://digitallibrary.un.org/nanna/record/4110936/files/A_81_6_%28Sect._3%29-EN.pdf?registerDownload=1&version=1&withMetadata=0&withWatermark=0#page=6","official full PDF link identified"
"E0013","function","F13","DPPA","S03","A/81/6 (Sect. 3)","6","3.I.11;3.I.84(d)","https://digitallibrary.un.org/nanna/record/4110936/files/A_81_6_%28Sect._3%29-EN.pdf?registerDownload=1&version=1&withMetadata=0&withWatermark=0#page=6","official full PDF link identified"
"E0014","function","F14","DPPA","S03","A/81/6 (Sect. 3)","6","3.I.11;3.I.84(d)","https://digitallibrary.un.org/nanna/record/4110936/files/A_81_6_%28Sect._3%29-EN.pdf?registerDownload=1&version=1&withMetadata=0&withWatermark=0#page=6","official full PDF link identified"
"E0015","function","F15","DPPA","S03","A/81/6 (Sect. 3)","39","3.I.97;Table 3.I.20","https://digitallibrary.un.org/nanna/record/4110936/files/A_81_6_%28Sect._3%29-EN.pdf?registerDownload=1&version=1&withMetadata=0&withWatermark=0#page=39","official full PDF link identified"
"E0016","function","F16","DPPA","S03","A/81/6 (Sect. 3)","5","3.I.9;3.I.11","https://digitallibrary.un.org/nanna/record/4110936/files/A_81_6_%28Sect._3%29-EN.pdf?registerDownload=1&version=1&withMetadata=0&withWatermark=0#page=5","official full PDF link identified"
"E0017","function","F17","DPPA","S03","A/81/6 (Sect. 3)","6","3.I.10","https://digitallibrary.un.org/nanna/record/4110936/files/A_81_6_%28Sect._3%29-EN.pdf?registerDownload=1&version=1&withMetadata=0&withWatermark=0#page=6","official full PDF link identified"
"E0018","function","F18","DPPA","S03","A/81/6 (Sect. 3)","5","3.I.7;3.I.11","https://digitallibrary.un.org/nanna/record/4110936/files/A_81_6_%28Sect._3%29-EN.pdf?registerDownload=1&version=1&withMetadata=0&withWatermark=0#page=5","official full PDF link identified"
"E0019","function","F19","DPPA","S03","A/81/6 (Sect. 3)","16","3.I.30 Table 3.I.4;3.I.45(i)","https://digitallibrary.un.org/nanna/record/4110936/files/A_81_6_%28Sect._3%29-EN.pdf?registerDownload=1&version=1&withMetadata=0&withWatermark=0#page=16","official full PDF link identified"
"E0020","function","F20","DPPA","S03","A/81/6 (Sect. 3)","84","3.IV.4(a-i)","https://digitallibrary.un.org/nanna/record/4110936/files/A_81_6_%28Sect._3%29-EN.pdf?registerDownload=1&version=1&withMetadata=0&withWatermark=0#page=84","official full PDF link identified"
"E0021","function","F21","DPPA","S03","A/81/6 (Sect. 3)","85","3.IV.4(j);Annex I justification","https://digitallibrary.un.org/nanna/record/4110936/files/A_81_6_%28Sect._3%29-EN.pdf?registerDownload=1&version=1&withMetadata=0&withWatermark=0#page=85","official full PDF link identified"
"E0022","function","F22","DPPA","S03","A/81/6 (Sect. 3)","62","3.II.1-3","https://digitallibrary.un.org/nanna/record/4110936/files/A_81_6_%28Sect._3%29-EN.pdf?registerDownload=1&version=1&withMetadata=0&withWatermark=0#page=62","official full PDF link identified"
"E0023","function","F23","DPPA","S03","A/81/6 (Sect. 3)","51","3.I.118-120","https://digitallibrary.un.org/nanna/record/4110936/files/A_81_6_%28Sect._3%29-EN.pdf?registerDownload=1&version=1&withMetadata=0&withWatermark=0#page=51","official full PDF link identified"
"E0024","function","F24","DPPA","S03","A/81/6 (Sect. 3)","11","3.I.15-17","https://digitallibrary.un.org/nanna/record/4110936/files/A_81_6_%28Sect._3%29-EN.pdf?registerDownload=1&version=1&withMetadata=0&withWatermark=0#page=11","official full PDF link identified"
"E0025","function","F25","DPPA","S03","A/81/6 (Sect. 3)","12","3.I.19(b-c);Table 3.I.4","https://digitallibrary.un.org/nanna/record/4110936/files/A_81_6_%28Sect._3%29-EN.pdf?registerDownload=1&version=1&withMetadata=0&withWatermark=0#page=12","official full PDF link identified"
"E0026","function","F26","DPPA","S03","A/81/6 (Sect. 3)","13","3.I.19(c)(xi)","https://digitallibrary.un.org/nanna/record/4110936/files/A_81_6_%28Sect._3%29-EN.pdf?registerDownload=1&version=1&withMetadata=0&withWatermark=0#page=13","official full PDF link identified"
"E0027","function","F27","DPPA","S03","A/81/6 (Sect. 3)","115","Annex I chart A","https://digitallibrary.un.org/nanna/record/4110936/files/A_81_6_%28Sect._3%29-EN.pdf?registerDownload=1&version=1&withMetadata=0&withWatermark=0#page=115","official full PDF link identified"
"E0028","function","F28","DPPA","S03","A/81/6 (Sect. 3)","34","3.I.84(b);3.I.88","https://digitallibrary.un.org/nanna/record/4110936/files/A_81_6_%28Sect._3%29-EN.pdf?registerDownload=1&version=1&withMetadata=0&withWatermark=0#page=34","official full PDF link identified"
"E0029","function","F29","DPPA","S03","A/81/6 (Sect. 3)","100","Section V overview","https://digitallibrary.un.org/nanna/record/4110936/files/A_81_6_%28Sect._3%29-EN.pdf?registerDownload=1&version=1&withMetadata=0&withWatermark=0#page=100","official full PDF link identified"
"E0030","function","G01","DPO","S05","A/81/6 (Sect. 5)","5","5.I.9;Annex I chart B","https://docs.un.org/en/A/81/6%20%28Sect.%205%29#page=5","official symbol resolver; HTTP availability not verified"
"E0031","function","G02","DPO","S05","A/81/6 (Sect. 5)","3","5.I.2(a);5.I.16(a-c)","https://docs.un.org/en/A/81/6%20%28Sect.%205%29#page=3","official symbol resolver; HTTP availability not verified"
"E0032","function","G03","DPO","S05","A/81/6 (Sect. 5)","7","5.I.16(a);Table 5.I.5","https://docs.un.org/en/A/81/6%20%28Sect.%205%29#page=7","official symbol resolver; HTTP availability not verified"
"E0033","function","G04","DPO","S05","A/81/6 (Sect. 5)","7","5.I.16(b);5.I.22","https://docs.un.org/en/A/81/6%20%28Sect.%205%29#page=7","official symbol resolver; HTTP availability not verified"
"E0034","function","G05","DPO","S05","A/81/6 (Sect. 5)","12","5.I.29(a-f)","https://docs.un.org/en/A/81/6%20%28Sect.%205%29#page=12","official symbol resolver; HTTP availability not verified"
"E0035","function","G06","DPO","S05","A/81/6 (Sect. 5)","12","5.I.29(c-f);Table 5.I.9","https://docs.un.org/en/A/81/6%20%28Sect.%205%29#page=12","official symbol resolver; HTTP availability not verified"
"E0036","function","G07","DPO","S05","A/81/6 (Sect. 5)","16","5.I.41(a);Table 5.I.11","https://docs.un.org/en/A/81/6%20%28Sect.%205%29#page=16","official symbol resolver; HTTP availability not verified"
"E0037","function","G08","DPO","S05","A/81/6 (Sect. 5)","16","5.I.41(c,g);Table 5.I.11","https://docs.un.org/en/A/81/6%20%28Sect.%205%29#page=16","official symbol resolver; HTTP availability not verified"
"E0038","function","G09","DPO","S05","A/81/6 (Sect. 5)","17","5.I.41(d,g);Table 5.I.11","https://docs.un.org/en/A/81/6%20%28Sect.%205%29#page=17","official symbol resolver; HTTP availability not verified"
"E0039","function","G10","DPO","S05","A/81/6 (Sect. 5)","16","5.I.41(b,g);Table 5.I.11","https://docs.un.org/en/A/81/6%20%28Sect.%205%29#page=16","official symbol resolver; HTTP availability not verified"
"E0040","function","G11","DPO","S05","A/81/6 (Sect. 5)","17","5.I.41(e);Table 5.I.11","https://docs.un.org/en/A/81/6%20%28Sect.%205%29#page=17","official symbol resolver; HTTP availability not verified"
"E0041","function","G12","DPO","S05","A/81/6 (Sect. 5)","22","5.I.54(a,d-h);Table 5.I.14","https://docs.un.org/en/A/81/6%20%28Sect.%205%29#page=22","official symbol resolver; HTTP availability not verified"
"E0042","function","G13","DPO","S05","A/81/6 (Sect. 5)","7","5.I.13;5.I.54(b)","https://docs.un.org/en/A/81/6%20%28Sect.%205%29#page=7","official symbol resolver; HTTP availability not verified"
"E0043","function","G14","DPO","S05","A/81/6 (Sect. 5)","5","5.I.7;5.I.9","https://docs.un.org/en/A/81/6%20%28Sect.%205%29#page=5","official symbol resolver; HTTP availability not verified"
"E0044","function","G15","DPO","S05","A/81/6 (Sect. 5)","5","5.I.8","https://docs.un.org/en/A/81/6%20%28Sect.%205%29#page=5","official symbol resolver; HTTP availability not verified"
"E0045","function","G16","DPO","S05","A/81/6 (Sect. 5)","22","5.I.54(c);5.I.62","https://docs.un.org/en/A/81/6%20%28Sect.%205%29#page=22","official symbol resolver; HTTP availability not verified"
"E0046","function","G17","DPO","S05","A/81/6 (Sect. 5)","14","5.I.37-38;5.I.54(c)","https://docs.un.org/en/A/81/6%20%28Sect.%205%29#page=14","official symbol resolver; HTTP availability not verified"
"E0047","function","G18","DPO","S05","A/81/6 (Sect. 5)","4","5.I.2(g);5.I.56","https://docs.un.org/en/A/81/6%20%28Sect.%205%29#page=4","official symbol resolver; HTTP availability not verified"
"E0048","function","G19","DPO","S05","A/81/6 (Sect. 5)","23","5.I.54(e,h);Table 5.I.14","https://docs.un.org/en/A/81/6%20%28Sect.%205%29#page=23","official symbol resolver; HTTP availability not verified"
"E0049","function","G20","DPO","S05","A/81/6 (Sect. 5)","34","5.I.78","https://docs.un.org/en/A/81/6%20%28Sect.%205%29#page=34","official symbol resolver; HTTP availability not verified"
"E0050","function","G21","DPO","S05","A/81/6 (Sect. 5)","16","5.I.41(a-f)","https://docs.un.org/en/A/81/6%20%28Sect.%205%29#page=16","official symbol resolver; HTTP availability not verified"
"E0051","function","G22","DPO","S05","A/81/6 (Sect. 5)","25","5.I.62-64","https://docs.un.org/en/A/81/6%20%28Sect.%205%29#page=25","official symbol resolver; HTTP availability not verified"
"E0052","function","G23","DPO","S05","A/81/6 (Sect. 5)","41","5.II.1-4","https://docs.un.org/en/A/81/6%20%28Sect.%205%29#page=41","official symbol resolver; HTTP availability not verified"
"E0053","function","G24","DPO","S05","A/81/6 (Sect. 5)","45","5.II.20-24;Table 5.II.4","https://docs.un.org/en/A/81/6%20%28Sect.%205%29#page=45","official symbol resolver; HTTP availability not verified"
"E0054","function","G25","DPO","S05","A/81/6 (Sect. 5)","51","5.III.1-3","https://docs.un.org/en/A/81/6%20%28Sect.%205%29#page=51","official symbol resolver; HTTP availability not verified"
"E0055","function","G26","DPO","S05","A/81/6 (Sect. 5)","33","5.I.74-78","https://docs.un.org/en/A/81/6%20%28Sect.%205%29#page=33","official symbol resolver; HTTP availability not verified"
"E0056","function","G27","DPO","S05","A/81/6 (Sect. 5)","8","5.I.18","https://docs.un.org/en/A/81/6%20%28Sect.%205%29#page=8","official symbol resolver; HTTP availability not verified"
"E0057","function","G28","DPO","S05","A/81/6 (Sect. 5)","14","5.I.37-38","https://docs.un.org/en/A/81/6%20%28Sect.%205%29#page=14","official symbol resolver; HTTP availability not verified"
"E0058","function","G29","DPO","S05","A/81/6 (Sect. 5)","25","5.I.60-61","https://docs.un.org/en/A/81/6%20%28Sect.%205%29#page=25","official symbol resolver; HTTP availability not verified"
"E0059","function","G30","DPO","S05","A/81/6 (Sect. 5)","4","5.I.3-5","https://docs.un.org/en/A/81/6%20%28Sect.%205%29#page=4","official symbol resolver; HTTP availability not verified"
"E0060","deliverable","D01","DPPA","S03","A/81/6 (Sect. 3)","11","3.I.1","https://digitallibrary.un.org/nanna/record/4110936/files/A_81_6_%28Sect._3%29-EN.pdf?registerDownload=1&version=1&withMetadata=0&withWatermark=0#page=11","official full PDF link identified"
"E0061","deliverable","D02","DPPA","S03","A/81/6 (Sect. 3)","16","3.I.4","https://digitallibrary.un.org/nanna/record/4110936/files/A_81_6_%28Sect._3%29-EN.pdf?registerDownload=1&version=1&withMetadata=0&withWatermark=0#page=16","official full PDF link identified"
"E0062","deliverable","D03","DPPA","S03","A/81/6 (Sect. 3)","16","3.I.4","https://digitallibrary.un.org/nanna/record/4110936/files/A_81_6_%28Sect._3%29-EN.pdf?registerDownload=1&version=1&withMetadata=0&withWatermark=0#page=16","official full PDF link identified"
"E0063","deliverable","D04","DPPA","S03","A/81/6 (Sect. 3)","16","3.I.4","https://digitallibrary.un.org/nanna/record/4110936/files/A_81_6_%28Sect._3%29-EN.pdf?registerDownload=1&version=1&withMetadata=0&withWatermark=0#page=16","official full PDF link identified"
"E0064","deliverable","D05","DPPA","S03","A/81/6 (Sect. 3)","16","3.I.4","https://digitallibrary.un.org/nanna/record/4110936/files/A_81_6_%28Sect._3%29-EN.pdf?registerDownload=1&version=1&withMetadata=0&withWatermark=0#page=16","official full PDF link identified"
"E0065","deliverable","D06","DPPA","S03","A/81/6 (Sect. 3)","20","3.I.5","https://digitallibrary.un.org/nanna/record/4110936/files/A_81_6_%28Sect._3%29-EN.pdf?registerDownload=1&version=1&withMetadata=0&withWatermark=0#page=20","official full PDF link identified"
"E0066","deliverable","D07","DPPA","S03","A/81/6 (Sect. 3)","21","3.I.5","https://digitallibrary.un.org/nanna/record/4110936/files/A_81_6_%28Sect._3%29-EN.pdf?registerDownload=1&version=1&withMetadata=0&withWatermark=0#page=21","official full PDF link identified"
"E0067","deliverable","D08","DPPA","S03","A/81/6 (Sect. 3)","21","3.I.5","https://digitallibrary.un.org/nanna/record/4110936/files/A_81_6_%28Sect._3%29-EN.pdf?registerDownload=1&version=1&withMetadata=0&withWatermark=0#page=21","official full PDF link identified"
"E0068","deliverable","D09","DPPA","S03","A/81/6 (Sect. 3)","21","3.I.5","https://digitallibrary.un.org/nanna/record/4110936/files/A_81_6_%28Sect._3%29-EN.pdf?registerDownload=1&version=1&withMetadata=0&withWatermark=0#page=21","official full PDF link identified"
"E0069","deliverable","D10","DPPA","S03","A/81/6 (Sect. 3)","25","3.I.7","https://digitallibrary.un.org/nanna/record/4110936/files/A_81_6_%28Sect._3%29-EN.pdf?registerDownload=1&version=1&withMetadata=0&withWatermark=0#page=25","official full PDF link identified"
"E0070","deliverable","D11","DPPA","S03","A/81/6 (Sect. 3)","25","3.I.7","https://digitallibrary.un.org/nanna/record/4110936/files/A_81_6_%28Sect._3%29-EN.pdf?registerDownload=1&version=1&withMetadata=0&withWatermark=0#page=25","official full PDF link identified"
"E0071","deliverable","D12","DPPA","S03","A/81/6 (Sect. 3)","25","3.I.7","https://digitallibrary.un.org/nanna/record/4110936/files/A_81_6_%28Sect._3%29-EN.pdf?registerDownload=1&version=1&withMetadata=0&withWatermark=0#page=25","official full PDF link identified"
"E0072","deliverable","D13","DPPA","S03","A/81/6 (Sect. 3)","25","3.I.7","https://digitallibrary.un.org/nanna/record/4110936/files/A_81_6_%28Sect._3%29-EN.pdf?registerDownload=1&version=1&withMetadata=0&withWatermark=0#page=25","official full PDF link identified"
"E0073","deliverable","D14","DPPA","S03","A/81/6 (Sect. 3)","29","3.I.11","https://digitallibrary.un.org/nanna/record/4110936/files/A_81_6_%28Sect._3%29-EN.pdf?registerDownload=1&version=1&withMetadata=0&withWatermark=0#page=29","official full PDF link identified"
"E0074","deliverable","D15","DPPA","S03","A/81/6 (Sect. 3)","29","3.I.11","https://digitallibrary.un.org/nanna/record/4110936/files/A_81_6_%28Sect._3%29-EN.pdf?registerDownload=1&version=1&withMetadata=0&withWatermark=0#page=29","official full PDF link identified"
"E0075","deliverable","D16","DPPA","S03","A/81/6 (Sect. 3)","33","3.I.13","https://digitallibrary.un.org/nanna/record/4110936/files/A_81_6_%28Sect._3%29-EN.pdf?registerDownload=1&version=1&withMetadata=0&withWatermark=0#page=33","official full PDF link identified"
"E0076","deliverable","D17","DPPA","S03","A/81/6 (Sect. 3)","33","3.I.13","https://digitallibrary.un.org/nanna/record/4110936/files/A_81_6_%28Sect._3%29-EN.pdf?registerDownload=1&version=1&withMetadata=0&withWatermark=0#page=33","official full PDF link identified"
"E0077","deliverable","D18","DPPA","S03","A/81/6 (Sect. 3)","33","3.I.13","https://digitallibrary.un.org/nanna/record/4110936/files/A_81_6_%28Sect._3%29-EN.pdf?registerDownload=1&version=1&withMetadata=0&withWatermark=0#page=33","official full PDF link identified"
"E0078","deliverable","D19","DPPA","S03","A/81/6 (Sect. 3)","34","3.I.13","https://digitallibrary.un.org/nanna/record/4110936/files/A_81_6_%28Sect._3%29-EN.pdf?registerDownload=1&version=1&withMetadata=0&withWatermark=0#page=34","official full PDF link identified"
"E0079","deliverable","D20","DPPA","S03","A/81/6 (Sect. 3)","38","3.I.15","https://digitallibrary.un.org/nanna/record/4110936/files/A_81_6_%28Sect._3%29-EN.pdf?registerDownload=1&version=1&withMetadata=0&withWatermark=0#page=38","official full PDF link identified"
"E0080","deliverable","D21","DPPA","S03","A/81/6 (Sect. 3)","38","3.I.15","https://digitallibrary.un.org/nanna/record/4110936/files/A_81_6_%28Sect._3%29-EN.pdf?registerDownload=1&version=1&withMetadata=0&withWatermark=0#page=38","official full PDF link identified"
"E0081","deliverable","D22","DPPA","S03","A/81/6 (Sect. 3)","38","3.I.15","https://digitallibrary.un.org/nanna/record/4110936/files/A_81_6_%28Sect._3%29-EN.pdf?registerDownload=1&version=1&withMetadata=0&withWatermark=0#page=38","official full PDF link identified"
"E0082","deliverable","D23","DPPA","S03","A/81/6 (Sect. 3)","38","3.I.15","https://digitallibrary.un.org/nanna/record/4110936/files/A_81_6_%28Sect._3%29-EN.pdf?registerDownload=1&version=1&withMetadata=0&withWatermark=0#page=38","official full PDF link identified"
"E0083","deliverable","D24","DPPA","S03","A/81/6 (Sect. 3)","43","3.I.20","https://digitallibrary.un.org/nanna/record/4110936/files/A_81_6_%28Sect._3%29-EN.pdf?registerDownload=1&version=1&withMetadata=0&withWatermark=0#page=43","official full PDF link identified"
"E0084","deliverable","D25","DPPA","S03","A/81/6 (Sect. 3)","43","3.I.20","https://digitallibrary.un.org/nanna/record/4110936/files/A_81_6_%28Sect._3%29-EN.pdf?registerDownload=1&version=1&withMetadata=0&withWatermark=0#page=43","official full PDF link identified"
"E0085","deliverable","D26","DPPA","S03","A/81/6 (Sect. 3)","90","3.IV.4","https://digitallibrary.un.org/nanna/record/4110936/files/A_81_6_%28Sect._3%29-EN.pdf?registerDownload=1&version=1&withMetadata=0&withWatermark=0#page=90","official full PDF link identified"
"E0086","deliverable","D27","DPPA","S03","A/81/6 (Sect. 3)","90","3.IV.4","https://digitallibrary.un.org/nanna/record/4110936/files/A_81_6_%28Sect._3%29-EN.pdf?registerDownload=1&version=1&withMetadata=0&withWatermark=0#page=90","official full PDF link identified"
"E0087","deliverable","D28","DPPA","S03","A/81/6 (Sect. 3)","90","3.IV.4","https://digitallibrary.un.org/nanna/record/4110936/files/A_81_6_%28Sect._3%29-EN.pdf?registerDownload=1&version=1&withMetadata=0&withWatermark=0#page=90","official full PDF link identified"
"E0088","deliverable","D29","DPPA","S03","A/81/6 (Sect. 3)","90","3.IV.4","https://digitallibrary.un.org/nanna/record/4110936/files/A_81_6_%28Sect._3%29-EN.pdf?registerDownload=1&version=1&withMetadata=0&withWatermark=0#page=90","official full PDF link identified"
"E0089","deliverable","P01","DPO","S05","A/81/6 (Sect. 5)","6","5.I.1","https://docs.un.org/en/A/81/6%20%28Sect.%205%29#page=6","official symbol resolver; HTTP availability not verified"
"E0090","deliverable","P02","DPO","S05","A/81/6 (Sect. 5)","11","5.I.5","https://docs.un.org/en/A/81/6%20%28Sect.%205%29#page=11","official symbol resolver; HTTP availability not verified"
"E0091","deliverable","P03","DPO","S05","A/81/6 (Sect. 5)","11","5.I.5","https://docs.un.org/en/A/81/6%20%28Sect.%205%29#page=11","official symbol resolver; HTTP availability not verified"
"E0092","deliverable","P04","DPO","S05","A/81/6 (Sect. 5)","11","5.I.5","https://docs.un.org/en/A/81/6%20%28Sect.%205%29#page=11","official symbol resolver; HTTP availability not verified"
"E0093","deliverable","P05","DPO","S05","A/81/6 (Sect. 5)","15","5.I.9","https://docs.un.org/en/A/81/6%20%28Sect.%205%29#page=15","official symbol resolver; HTTP availability not verified"
"E0094","deliverable","P06","DPO","S05","A/81/6 (Sect. 5)","15","5.I.9","https://docs.un.org/en/A/81/6%20%28Sect.%205%29#page=15","official symbol resolver; HTTP availability not verified"
"E0095","deliverable","P07","DPO","S05","A/81/6 (Sect. 5)","21","5.I.11","https://docs.un.org/en/A/81/6%20%28Sect.%205%29#page=21","official symbol resolver; HTTP availability not verified"
"E0096","deliverable","P08","DPO","S05","A/81/6 (Sect. 5)","21","5.I.11","https://docs.un.org/en/A/81/6%20%28Sect.%205%29#page=21","official symbol resolver; HTTP availability not verified"
"E0097","deliverable","P09","DPO","S05","A/81/6 (Sect. 5)","21","5.I.11","https://docs.un.org/en/A/81/6%20%28Sect.%205%29#page=21","official symbol resolver; HTTP availability not verified"
"E0098","deliverable","P10","DPO","S05","A/81/6 (Sect. 5)","21","5.I.11","https://docs.un.org/en/A/81/6%20%28Sect.%205%29#page=21","official symbol resolver; HTTP availability not verified"
"E0099","deliverable","P11","DPO","S05","A/81/6 (Sect. 5)","27","5.I.14","https://docs.un.org/en/A/81/6%20%28Sect.%205%29#page=27","official symbol resolver; HTTP availability not verified"
"E0100","deliverable","P12","DPO","S05","A/81/6 (Sect. 5)","27","5.I.14","https://docs.un.org/en/A/81/6%20%28Sect.%205%29#page=27","official symbol resolver; HTTP availability not verified"
"E0101","deliverable","P13","DPO","S05","A/81/6 (Sect. 5)","27","5.I.14","https://docs.un.org/en/A/81/6%20%28Sect.%205%29#page=27","official symbol resolver; HTTP availability not verified"
"E0102","deliverable","P14","DPO","S05","A/81/6 (Sect. 5)","27","5.I.14","https://docs.un.org/en/A/81/6%20%28Sect.%205%29#page=27","official symbol resolver; HTTP availability not verified"
"E0103","deliverable","P15","DPO","S05","A/81/6 (Sect. 5)","27","5.I.14","https://docs.un.org/en/A/81/6%20%28Sect.%205%29#page=27","official symbol resolver; HTTP availability not verified"
"E0104","deliverable","P16","DPO","S05","A/81/6 (Sect. 5)","46","5.II.4","https://docs.un.org/en/A/81/6%20%28Sect.%205%29#page=46","official symbol resolver; HTTP availability not verified"
"E0105","deliverable","P17","DPO","S05","A/81/6 (Sect. 5)","16","5.I.9","https://docs.un.org/en/A/81/6%20%28Sect.%205%29#page=16","official symbol resolver; HTTP availability not verified"
"E0106","mandate","M01","DPPA","S03","A/81/6 (Sect. 3)","6","3.I.13 p6","https://digitallibrary.un.org/nanna/record/4110936/files/A_81_6_%28Sect._3%29-EN.pdf?registerDownload=1&version=1&withMetadata=0&withWatermark=0#page=6","official full PDF link identified"
"E0107","mandate","M02","DPPA","S03","A/81/6 (Sect. 3)","6","3.I.13 p6","https://digitallibrary.un.org/nanna/record/4110936/files/A_81_6_%28Sect._3%29-EN.pdf?registerDownload=1&version=1&withMetadata=0&withWatermark=0#page=6","official full PDF link identified"
"E0108","mandate","M03","DPPA","S03","A/81/6 (Sect. 3)","4","3.I.2 p4","https://digitallibrary.un.org/nanna/record/4110936/files/A_81_6_%28Sect._3%29-EN.pdf?registerDownload=1&version=1&withMetadata=0&withWatermark=0#page=4","official full PDF link identified"
"E0109","mandate","M03","DPO","S05","A/81/6 (Sect. 5)","3","5.I.1 p3","https://docs.un.org/en/A/81/6%20%28Sect.%205%29#page=3","official symbol resolver; HTTP availability not verified"
"E0110","mandate","M04","DPPA","S03","A/81/6 (Sect. 3)","4","3.I.2 p4","https://digitallibrary.un.org/nanna/record/4110936/files/A_81_6_%28Sect._3%29-EN.pdf?registerDownload=1&version=1&withMetadata=0&withWatermark=0#page=4","official full PDF link identified"
"E0111","mandate","M04","DPO","S05","A/81/6 (Sect. 5)","3","5.I.1-2 p3","https://docs.un.org/en/A/81/6%20%28Sect.%205%29#page=3","official symbol resolver; HTTP availability not verified"
"E0112","mandate","M05","DPPA","S03","A/81/6 (Sect. 3)","11","3.I.13 p11","https://digitallibrary.un.org/nanna/record/4110936/files/A_81_6_%28Sect._3%29-EN.pdf?registerDownload=1&version=1&withMetadata=0&withWatermark=0#page=11","official full PDF link identified"
"E0113","mandate","M05","DPO","S05","A/81/6 (Sect. 5)","6","5.I.11 p6","https://docs.un.org/en/A/81/6%20%28Sect.%205%29#page=6","official symbol resolver; HTTP availability not verified"
"E0114","mandate","M06","DPPA","S03","A/81/6 (Sect. 3)","11","3.I.13 p11","https://digitallibrary.un.org/nanna/record/4110936/files/A_81_6_%28Sect._3%29-EN.pdf?registerDownload=1&version=1&withMetadata=0&withWatermark=0#page=11","official full PDF link identified"
"E0115","mandate","M06","DPO","S05","A/81/6 (Sect. 5)","6","5.I.11 p6","https://docs.un.org/en/A/81/6%20%28Sect.%205%29#page=6","official symbol resolver; HTTP availability not verified"
"E0116","mandate","M07","DPPA","S03","A/81/6 (Sect. 3)","7","3.I.13 p7","https://digitallibrary.un.org/nanna/record/4110936/files/A_81_6_%28Sect._3%29-EN.pdf?registerDownload=1&version=1&withMetadata=0&withWatermark=0#page=7","official full PDF link identified"
"E0117","mandate","M07","DPO","S05","A/81/6 (Sect. 5)","6","5.I.11 p6","https://docs.un.org/en/A/81/6%20%28Sect.%205%29#page=6","official symbol resolver; HTTP availability not verified"
"E0118","mandate","M08","DPPA","S03","A/81/6 (Sect. 3)","7","3.I.13 p7","https://digitallibrary.un.org/nanna/record/4110936/files/A_81_6_%28Sect._3%29-EN.pdf?registerDownload=1&version=1&withMetadata=0&withWatermark=0#page=7","official full PDF link identified"
"E0119","mandate","M08","DPO","S05","A/81/6 (Sect. 5)","6","5.I.11 p6","https://docs.un.org/en/A/81/6%20%28Sect.%205%29#page=6","official symbol resolver; HTTP availability not verified"
"E0120","mandate","M09","DPPA","S03","A/81/6 (Sect. 3)","11","3.I.13 p11","https://digitallibrary.un.org/nanna/record/4110936/files/A_81_6_%28Sect._3%29-EN.pdf?registerDownload=1&version=1&withMetadata=0&withWatermark=0#page=11","official full PDF link identified"
"E0121","mandate","M09","DPO","S05","A/81/6 (Sect. 5)","6","5.I.11 p6","https://docs.un.org/en/A/81/6%20%28Sect.%205%29#page=6","official symbol resolver; HTTP availability not verified"
"E0122","mandate","M10","DPPA","S03","A/81/6 (Sect. 3)","11","3.I.13 p11","https://digitallibrary.un.org/nanna/record/4110936/files/A_81_6_%28Sect._3%29-EN.pdf?registerDownload=1&version=1&withMetadata=0&withWatermark=0#page=11","official full PDF link identified"
"E0123","mandate","M10","DPO","S05","A/81/6 (Sect. 5)","6","5.I.11 p6","https://docs.un.org/en/A/81/6%20%28Sect.%205%29#page=6","official symbol resolver; HTTP availability not verified"
"E0124","mandate","M11","DPPA","S03","A/81/6 (Sect. 3)","9","3.I.13 p9;3.IV.4 p85","https://digitallibrary.un.org/nanna/record/4110936/files/A_81_6_%28Sect._3%29-EN.pdf?registerDownload=1&version=1&withMetadata=0&withWatermark=0#page=9","official full PDF link identified"
"E0125","mandate","M11","DPO","S05","A/81/6 (Sect. 5)","6","5.I.11 p6","https://docs.un.org/en/A/81/6%20%28Sect.%205%29#page=6","official symbol resolver; HTTP availability not verified"
"E0126","mandate","M12","DPPA","S03","A/81/6 (Sect. 3)","11","3.I.13 p11","https://digitallibrary.un.org/nanna/record/4110936/files/A_81_6_%28Sect._3%29-EN.pdf?registerDownload=1&version=1&withMetadata=0&withWatermark=0#page=11","official full PDF link identified"
"E0127","mandate","M13","DPPA","S03","A/81/6 (Sect. 3)","11","3.I.13 p11","https://digitallibrary.un.org/nanna/record/4110936/files/A_81_6_%28Sect._3%29-EN.pdf?registerDownload=1&version=1&withMetadata=0&withWatermark=0#page=11","official full PDF link identified"
"E0128","mandate","M14","DPPA","S03","A/81/6 (Sect. 3)","9","3.I.13 p9","https://digitallibrary.un.org/nanna/record/4110936/files/A_81_6_%28Sect._3%29-EN.pdf?registerDownload=1&version=1&withMetadata=0&withWatermark=0#page=9","official full PDF link identified"
"E0129","mandate","M15","DPO","S05","A/81/6 (Sect. 5)","6","5.I.11 p6","https://docs.un.org/en/A/81/6%20%28Sect.%205%29#page=6","official symbol resolver; HTTP availability not verified"
"E0130","mandate","M16","DPO","S05","A/81/6 (Sect. 5)","6","5.I.11 p6","https://docs.un.org/en/A/81/6%20%28Sect.%205%29#page=6","official symbol resolver; HTTP availability not verified"
"E0131","mandate","M17","DPO","S05","A/81/6 (Sect. 5)","6","5.I.11 p6","https://docs.un.org/en/A/81/6%20%28Sect.%205%29#page=6","official symbol resolver; HTTP availability not verified"
"E0132","mandate","M18","DPO","S05","A/81/6 (Sect. 5)","20","5.I.49 p20","https://docs.un.org/en/A/81/6%20%28Sect.%205%29#page=20","official symbol resolver; HTTP availability not verified"
"E0133","mandate","M19","DPO","S05","A/81/6 (Sect. 5)","45","5.II.20 p45","https://docs.un.org/en/A/81/6%20%28Sect.%205%29#page=45","official symbol resolver; HTTP availability not verified"
"E0134","mandate","M20","DPO","S05","A/81/6 (Sect. 5)","41","5.II.1 p41;5.II.23 p45","https://docs.un.org/en/A/81/6%20%28Sect.%205%29#page=41","official symbol resolver; HTTP availability not verified"
"E0135","mandate","M21","DPO","S05","A/81/6 (Sect. 5)","51","5.III.1 p51;5.III.21 p55","https://docs.un.org/en/A/81/6%20%28Sect.%205%29#page=51","official symbol resolver; HTTP availability not verified"
"E0136","mandate","M22","DPPA","S03","A/81/6 (Sect. 3)","4","3.I.2 p4","https://digitallibrary.un.org/nanna/record/4110936/files/A_81_6_%28Sect._3%29-EN.pdf?registerDownload=1&version=1&withMetadata=0&withWatermark=0#page=4","official full PDF link identified"
"E0137","mandate","M23","DPPA","S03","A/81/6 (Sect. 3)","5","3.I.4 p5;3.I.11 p6","https://digitallibrary.un.org/nanna/record/4110936/files/A_81_6_%28Sect._3%29-EN.pdf?registerDownload=1&version=1&withMetadata=0&withWatermark=0#page=5","official full PDF link identified"
"E0138","mandate","M23","DPO","S05","A/81/6 (Sect. 5)","5","5.I.9 p5","https://docs.un.org/en/A/81/6%20%28Sect.%205%29#page=5","official symbol resolver; HTTP availability not verified"
"E0139","mandate","M24","DPO","S05","A/81/6 (Sect. 5)","6","5.I.11 p6","https://docs.un.org/en/A/81/6%20%28Sect.%205%29#page=6","official symbol resolver; HTTP availability not verified"
"E0140","mandate","M25","DPPA","S03","A/81/6 (Sect. 3)","10","3.I.13 p10","https://digitallibrary.un.org/nanna/record/4110936/files/A_81_6_%28Sect._3%29-EN.pdf?registerDownload=1&version=1&withMetadata=0&withWatermark=0#page=10","official full PDF link identified"
"E0141","crosswalk","CW001","DPPA","S03","A/81/6 (Sect. 3)","6","3.I.4;3.I.11;Annex I B","https://digitallibrary.un.org/nanna/record/4110936/files/A_81_6_%28Sect._3%29-EN.pdf?registerDownload=1&version=1&withMetadata=0&withWatermark=0#page=6","official full PDF link identified"
"E0142","crosswalk","CW001","DPO","S05","A/81/6 (Sect. 5)","5","5.I.9;Annex I B","https://docs.un.org/en/A/81/6%20%28Sect.%205%29#page=5","official symbol resolver; HTTP availability not verified"
"E0143","crosswalk","CW002","DPPA","S03","A/81/6 (Sect. 3)","12","3.I.19(a-c)","https://digitallibrary.un.org/nanna/record/4110936/files/A_81_6_%28Sect._3%29-EN.pdf?registerDownload=1&version=1&withMetadata=0&withWatermark=0#page=12","official full PDF link identified"
"E0144","crosswalk","CW002","DPO","S05","A/81/6 (Sect. 5)","7","5.I.2(a);5.I.16(c)","https://docs.un.org/en/A/81/6%20%28Sect.%205%29#page=7","official symbol resolver; HTTP availability not verified"
"E0145","crosswalk","CW003","DPPA","S03","A/81/6 (Sect. 3)","12","3.I.19(c)(iii-v)","https://digitallibrary.un.org/nanna/record/4110936/files/A_81_6_%28Sect._3%29-EN.pdf?registerDownload=1&version=1&withMetadata=0&withWatermark=0#page=12","official full PDF link identified"
"E0146","crosswalk","CW003","DPO","S05","A/81/6 (Sect. 5)","7","5.I.2(a);5.I.16","https://docs.un.org/en/A/81/6%20%28Sect.%205%29#page=7","official symbol resolver; HTTP availability not verified"
"E0147","crosswalk","CW004","DPPA","S03","A/81/6 (Sect. 3)","13","3.I.19(c)(vi-ix)","https://digitallibrary.un.org/nanna/record/4110936/files/A_81_6_%28Sect._3%29-EN.pdf?registerDownload=1&version=1&withMetadata=0&withWatermark=0#page=13","official full PDF link identified"
"E0148","crosswalk","CW004","DPO","S05","A/81/6 (Sect. 5)","7","5.I.16(b)","https://docs.un.org/en/A/81/6%20%28Sect.%205%29#page=7","official symbol resolver; HTTP availability not verified"
"E0149","crosswalk","CW005","DPPA","S03","A/81/6 (Sect. 3)","17","3.I.32(a-d)","https://digitallibrary.un.org/nanna/record/4110936/files/A_81_6_%28Sect._3%29-EN.pdf?registerDownload=1&version=1&withMetadata=0&withWatermark=0#page=17","official full PDF link identified"
"E0150","crosswalk","CW005","DPO","S05","A/81/6 (Sect. 5)","8","5.I.18","https://docs.un.org/en/A/81/6%20%28Sect.%205%29#page=8","official symbol resolver; HTTP availability not verified"
"E0151","crosswalk","CW006","DPPA","S03","A/81/6 (Sect. 3)","21","3.I.45(a-d);Table 3.I.7","https://digitallibrary.un.org/nanna/record/4110936/files/A_81_6_%28Sect._3%29-EN.pdf?registerDownload=1&version=1&withMetadata=0&withWatermark=0#page=21","official full PDF link identified"
"E0152","crosswalk","CW006","DPO","S05","A/81/6 (Sect. 5)","11","5.I.16(a);Table 5.I.5","https://docs.un.org/en/A/81/6%20%28Sect.%205%29#page=11","official symbol resolver; HTTP availability not verified"
"E0153","crosswalk","CW007","DPPA","S03","A/81/6 (Sect. 3)","22","3.I.45(e-h)","https://digitallibrary.un.org/nanna/record/4110936/files/A_81_6_%28Sect._3%29-EN.pdf?registerDownload=1&version=1&withMetadata=0&withWatermark=0#page=22","official full PDF link identified"
"E0154","crosswalk","CW007","DPO","S05","A/81/6 (Sect. 5)","16","5.I.41(a-f)","https://docs.un.org/en/A/81/6%20%28Sect.%205%29#page=16","official symbol resolver; HTTP availability not verified"
"E0155","crosswalk","CW008","DPPA","S03","A/81/6 (Sect. 3)","34","3.I.84(a)","https://digitallibrary.un.org/nanna/record/4110936/files/A_81_6_%28Sect._3%29-EN.pdf?registerDownload=1&version=1&withMetadata=0&withWatermark=0#page=34","official full PDF link identified"
"E0156","crosswalk","CW008","DPO","S05","A/81/6 (Sect. 5)","7","5.I.16(b)","https://docs.un.org/en/A/81/6%20%28Sect.%205%29#page=7","official symbol resolver; HTTP availability not verified"
"E0157","crosswalk","CW009","DPPA","S03","A/81/6 (Sect. 3)","35","3.I.84(b-c);3.I.88","https://digitallibrary.un.org/nanna/record/4110936/files/A_81_6_%28Sect._3%29-EN.pdf?registerDownload=1&version=1&withMetadata=0&withWatermark=0#page=35","official full PDF link identified"
"E0158","crosswalk","CW009","DPO","S05","A/81/6 (Sect. 5)","7","5.I.16(b)","https://docs.un.org/en/A/81/6%20%28Sect.%205%29#page=7","official symbol resolver; HTTP availability not verified"
"E0159","crosswalk","CW010","DPPA","S03","A/81/6 (Sect. 3)","6","3.I.11;3.I.84(d)","https://digitallibrary.un.org/nanna/record/4110936/files/A_81_6_%28Sect._3%29-EN.pdf?registerDownload=1&version=1&withMetadata=0&withWatermark=0#page=6","official full PDF link identified"
"E0160","crosswalk","CW010","DPO","S05","A/81/6 (Sect. 5)","17","5.I.9;5.I.41(c-g)","https://docs.un.org/en/A/81/6%20%28Sect.%205%29#page=17","official symbol resolver; HTTP availability not verified"
"E0161","crosswalk","CW011","DPPA","S03","A/81/6 (Sect. 3)","6","3.I.11;3.I.84(d)","https://digitallibrary.un.org/nanna/record/4110936/files/A_81_6_%28Sect._3%29-EN.pdf?registerDownload=1&version=1&withMetadata=0&withWatermark=0#page=6","official full PDF link identified"
"E0162","crosswalk","CW011","DPO","S05","A/81/6 (Sect. 5)","17","5.I.9;5.I.41(d-g)","https://docs.un.org/en/A/81/6%20%28Sect.%205%29#page=17","official symbol resolver; HTTP availability not verified"
"E0163","crosswalk","CW012","DPPA","S03","A/81/6 (Sect. 3)","6","3.I.11;3.I.84(d)","https://digitallibrary.un.org/nanna/record/4110936/files/A_81_6_%28Sect._3%29-EN.pdf?registerDownload=1&version=1&withMetadata=0&withWatermark=0#page=6","official full PDF link identified"
"E0164","crosswalk","CW012","DPO","S05","A/81/6 (Sect. 5)","17","5.I.9;5.I.41(b-g)","https://docs.un.org/en/A/81/6%20%28Sect.%205%29#page=17","official symbol resolver; HTTP availability not verified"
"E0165","crosswalk","CW013","DPPA","S03","A/81/6 (Sect. 3)","6","3.I.9;3.I.11","https://digitallibrary.un.org/nanna/record/4110936/files/A_81_6_%28Sect._3%29-EN.pdf?registerDownload=1&version=1&withMetadata=0&withWatermark=0#page=6","official full PDF link identified"
"E0166","crosswalk","CW013","DPO","S05","A/81/6 (Sect. 5)","5","5.I.7;5.I.9","https://docs.un.org/en/A/81/6%20%28Sect.%205%29#page=5","official symbol resolver; HTTP availability not verified"
"E0167","crosswalk","CW014","DPPA","S03","A/81/6 (Sect. 3)","6","3.I.10","https://digitallibrary.un.org/nanna/record/4110936/files/A_81_6_%28Sect._3%29-EN.pdf?registerDownload=1&version=1&withMetadata=0&withWatermark=0#page=6","official full PDF link identified"
"E0168","crosswalk","CW014","DPO","S05","A/81/6 (Sect. 5)","5","5.I.8","https://docs.un.org/en/A/81/6%20%28Sect.%205%29#page=5","official symbol resolver; HTTP availability not verified"
"E0169","crosswalk","CW015","DPPA","S03","A/81/6 (Sect. 3)","6","3.I.7;3.I.11","https://digitallibrary.un.org/nanna/record/4110936/files/A_81_6_%28Sect._3%29-EN.pdf?registerDownload=1&version=1&withMetadata=0&withWatermark=0#page=6","official full PDF link identified"
"E0170","crosswalk","CW015","DPO","S05","A/81/6 (Sect. 5)","22","5.I.4;5.I.54(a-d)","https://docs.un.org/en/A/81/6%20%28Sect.%205%29#page=22","official symbol resolver; HTTP availability not verified"
"E0171","crosswalk","CW016","DPPA","S03","A/81/6 (Sect. 3)","16","3.I.7;Table 3.I.4","https://digitallibrary.un.org/nanna/record/4110936/files/A_81_6_%28Sect._3%29-EN.pdf?registerDownload=1&version=1&withMetadata=0&withWatermark=0#page=16","official full PDF link identified"
"E0172","crosswalk","CW016","DPO","S05","A/81/6 (Sect. 5)","15","5.I.29;Table 5.I.9","https://docs.un.org/en/A/81/6%20%28Sect.%205%29#page=15","official symbol resolver; HTTP availability not verified"
"E0173","crosswalk","CW017","DPPA","S03","A/81/6 (Sect. 3)","16","3.I.30 Table 3.I.4","https://digitallibrary.un.org/nanna/record/4110936/files/A_81_6_%28Sect._3%29-EN.pdf?registerDownload=1&version=1&withMetadata=0&withWatermark=0#page=16","official full PDF link identified"
"E0174","crosswalk","CW017","DPO","S05","A/81/6 (Sect. 5)","11","5.I.16(a);Table 5.I.5","https://docs.un.org/en/A/81/6%20%28Sect.%205%29#page=11","official symbol resolver; HTTP availability not verified"
"E0175","crosswalk","CW018","DPPA","S03","A/81/6 (Sect. 3)","16","3.I.30 Table 3.I.4;3.I.45(i)","https://digitallibrary.un.org/nanna/record/4110936/files/A_81_6_%28Sect._3%29-EN.pdf?registerDownload=1&version=1&withMetadata=0&withWatermark=0#page=16","official full PDF link identified"
"E0176","crosswalk","CW018","DPO","S05","A/81/6 (Sect. 5)","27","5.I.54(e-h);Table 5.I.14","https://docs.un.org/en/A/81/6%20%28Sect.%205%29#page=27","official symbol resolver; HTTP availability not verified"
"E0177","crosswalk","CW019","DPPA","S03","A/81/6 (Sect. 3)","11","3.I.15-17","https://digitallibrary.un.org/nanna/record/4110936/files/A_81_6_%28Sect._3%29-EN.pdf?registerDownload=1&version=1&withMetadata=0&withWatermark=0#page=11","official full PDF link identified"
"E0178","crosswalk","CW019","DPO","S05","A/81/6 (Sect. 5)","7","5.I.13;5.I.54(b)","https://docs.un.org/en/A/81/6%20%28Sect.%205%29#page=7","official symbol resolver; HTTP availability not verified"
"E0179","crosswalk","CW020","DPPA","S03","A/81/6 (Sect. 3)","84","3.IV.4(a-i)","https://digitallibrary.un.org/nanna/record/4110936/files/A_81_6_%28Sect._3%29-EN.pdf?registerDownload=1&version=1&withMetadata=0&withWatermark=0#page=84","official full PDF link identified"
"E0180","crosswalk","CW020","DPO","S05","A/81/6 (Sect. 5)","4","5.I.2(g);5.I.3","https://docs.un.org/en/A/81/6%20%28Sect.%205%29#page=4","official symbol resolver; HTTP availability not verified"
"E0181","crosswalk","CW021","DPPA","S03","A/81/6 (Sect. 3)","114","3.IV.4(j);Annex I justification","https://digitallibrary.un.org/nanna/record/4110936/files/A_81_6_%28Sect._3%29-EN.pdf?registerDownload=1&version=1&withMetadata=0&withWatermark=0#page=114","official full PDF link identified"
"E0182","crosswalk","CW021","DPO","S05","A/81/6 (Sect. 5)","23","5.I.2(g);5.I.56","https://docs.un.org/en/A/81/6%20%28Sect.%205%29#page=23","official symbol resolver; HTTP availability not verified"
"E0183","crosswalk","CW022","DPPA","S03","A/81/6 (Sect. 3)","39","3.I.97;Table 3.I.20","https://digitallibrary.un.org/nanna/record/4110936/files/A_81_6_%28Sect._3%29-EN.pdf?registerDownload=1&version=1&withMetadata=0&withWatermark=0#page=39","official full PDF link identified"
"E0184","crosswalk","CW022","DPO","S05","A/81/6 (Sect. 5)","4","5.I.3","https://docs.un.org/en/A/81/6%20%28Sect.%205%29#page=4","official symbol resolver; HTTP availability not verified"
"E0185","crosswalk","CW023","DPPA","S03","A/81/6 (Sect. 3)","13","3.I.19(c)(xi)","https://digitallibrary.un.org/nanna/record/4110936/files/A_81_6_%28Sect._3%29-EN.pdf?registerDownload=1&version=1&withMetadata=0&withWatermark=0#page=13","official full PDF link identified"
"E0186","crosswalk","CW023","DPO","S05","A/81/6 (Sect. 5)","25","5.I.62-64","https://docs.un.org/en/A/81/6%20%28Sect.%205%29#page=25","official symbol resolver; HTTP availability not verified"
"E0187","crosswalk","CW024","DPPA","S03","A/81/6 (Sect. 3)","5","3.I.7;3.I.11","https://digitallibrary.un.org/nanna/record/4110936/files/A_81_6_%28Sect._3%29-EN.pdf?registerDownload=1&version=1&withMetadata=0&withWatermark=0#page=5","official full PDF link identified"
"E0188","crosswalk","CW024","DPO","S05","A/81/6 (Sect. 5)","14","5.I.4;5.I.37-38","https://docs.un.org/en/A/81/6%20%28Sect.%205%29#page=14","official symbol resolver; HTTP availability not verified"
"E0189","crosswalk","CW025","DPPA","S03","A/81/6 (Sect. 3)","16","3.I.30 Table 3.I.4","https://digitallibrary.un.org/nanna/record/4110936/files/A_81_6_%28Sect._3%29-EN.pdf?registerDownload=1&version=1&withMetadata=0&withWatermark=0#page=16","official full PDF link identified"
"E0190","crosswalk","CW025","DPO","S05","A/81/6 (Sect. 5)","14","5.I.37-38","https://docs.un.org/en/A/81/6%20%28Sect.%205%29#page=14","official symbol resolver; HTTP availability not verified"
"E0191","crosswalk","CW026","DPPA","S03","A/81/6 (Sect. 3)","62","3.II.1-3","https://digitallibrary.un.org/nanna/record/4110936/files/A_81_6_%28Sect._3%29-EN.pdf?registerDownload=1&version=1&withMetadata=0&withWatermark=0#page=62","official full PDF link identified"
"E0192","crosswalk","CW026","DPO","S05","A/81/6 (Sect. 5)","41","5.II.1-4","https://docs.un.org/en/A/81/6%20%28Sect.%205%29#page=41","official symbol resolver; HTTP availability not verified"
"E0193","crosswalk","CW027","DPPA","S03","A/81/6 (Sect. 3)","62","3.II.3","https://digitallibrary.un.org/nanna/record/4110936/files/A_81_6_%28Sect._3%29-EN.pdf?registerDownload=1&version=1&withMetadata=0&withWatermark=0#page=62","official full PDF link identified"
"E0194","crosswalk","CW027","DPO","S05","A/81/6 (Sect. 5)","46","5.II.24 Table 5.II.4","https://docs.un.org/en/A/81/6%20%28Sect.%205%29#page=46","official symbol resolver; HTTP availability not verified"
"E0195","crosswalk","CW028","DPPA","S03","A/81/6 (Sect. 3)","128","3.I.84(b-d);Annex III","https://digitallibrary.un.org/nanna/record/4110936/files/A_81_6_%28Sect._3%29-EN.pdf?registerDownload=1&version=1&withMetadata=0&withWatermark=0#page=128","official full PDF link identified"
"E0196","crosswalk","CW028","DPO","S05","A/81/6 (Sect. 5)","16","5.I.18;5.I.41(c-g)","https://docs.un.org/en/A/81/6%20%28Sect.%205%29#page=16","official symbol resolver; HTTP availability not verified"
"E0197","crosswalk","CW029","DPPA","S03","A/81/6 (Sect. 3)","115","Annex I chart A","https://digitallibrary.un.org/nanna/record/4110936/files/A_81_6_%28Sect._3%29-EN.pdf?registerDownload=1&version=1&withMetadata=0&withWatermark=0#page=115","official full PDF link identified"
"E0198","crosswalk","CW029","DPO","S05","A/81/6 (Sect. 5)","34","5.I.78;Annex I chart A","https://docs.un.org/en/A/81/6%20%28Sect.%205%29#page=34","official symbol resolver; HTTP availability not verified"
"E0199","crosswalk","CW030","DPPA","S03","A/81/6 (Sect. 3)","16","3.I.19(b-c);Table 3.I.4","https://digitallibrary.un.org/nanna/record/4110936/files/A_81_6_%28Sect._3%29-EN.pdf?registerDownload=1&version=1&withMetadata=0&withWatermark=0#page=16","official full PDF link identified"
"E0200","crosswalk","CW030","DPO","S05","A/81/6 (Sect. 5)","27","5.I.2(g);Table 5.I.14","https://docs.un.org/en/A/81/6%20%28Sect.%205%29#page=27","official symbol resolver; HTTP availability not verified"
"E0201","crosswalk","CW031","DPPA","S03","A/81/6 (Sect. 3)","114","Annex I justification","https://digitallibrary.un.org/nanna/record/4110936/files/A_81_6_%28Sect._3%29-EN.pdf?registerDownload=1&version=1&withMetadata=0&withWatermark=0#page=114","official full PDF link identified"
"E0202","crosswalk","CW031","DPO","S05","A/81/6 (Sect. 5)","12","5.I.29(b-c)","https://docs.un.org/en/A/81/6%20%28Sect.%205%29#page=12","official symbol resolver; HTTP availability not verified"
"E0203","crosswalk","CW032","DPPA","S03","A/81/6 (Sect. 3)","13","3.I.19(c)(ii-ix)","https://digitallibrary.un.org/nanna/record/4110936/files/A_81_6_%28Sect._3%29-EN.pdf?registerDownload=1&version=1&withMetadata=0&withWatermark=0#page=13","official full PDF link identified"
"E0204","crosswalk","CW032","DPO","S05","A/81/6 (Sect. 5)","25","5.I.60-61","https://docs.un.org/en/A/81/6%20%28Sect.%205%29#page=25","official symbol resolver; HTTP availability not verified"
"E0205","crosswalk","CW033","DPPA","S03","A/81/6 (Sect. 3)","30","3.I.71","https://digitallibrary.un.org/nanna/record/4110936/files/A_81_6_%28Sect._3%29-EN.pdf?registerDownload=1&version=1&withMetadata=0&withWatermark=0#page=30","official full PDF link identified"
"E0206","crosswalk","CW033","DPO","S05","A/81/6 (Sect. 5)","41","5.II.1-4","https://docs.un.org/en/A/81/6%20%28Sect.%205%29#page=41","official symbol resolver; HTTP availability not verified"
"E0207","crosswalk","CW034","DPPA","S03","A/81/6 (Sect. 3)","29","3.I.58;Table 3.I.11","https://digitallibrary.un.org/nanna/record/4110936/files/A_81_6_%28Sect._3%29-EN.pdf?registerDownload=1&version=1&withMetadata=0&withWatermark=0#page=29","official full PDF link identified"
"E0208","crosswalk","CW034","DPO","S05","A/81/6 (Sect. 5)","27","5.I.65 Table 5.I.14","https://docs.un.org/en/A/81/6%20%28Sect.%205%29#page=27","official symbol resolver; HTTP availability not verified"
"E0209","crosswalk","CW035","DPPA","S03","A/81/6 (Sect. 3)","100","Section V overview","https://digitallibrary.un.org/nanna/record/4110936/files/A_81_6_%28Sect._3%29-EN.pdf?registerDownload=1&version=1&withMetadata=0&withWatermark=0#page=100","official full PDF link identified"
"E0210","crosswalk","CW035","DPO","S05","A/81/6 (Sect. 5)","17","5.I.41(e)","https://docs.un.org/en/A/81/6%20%28Sect.%205%29#page=17","official symbol resolver; HTTP availability not verified"
"E0211","crosswalk","CW036","DPPA","S03","A/81/6 (Sect. 3)","36","3.I.88","https://digitallibrary.un.org/nanna/record/4110936/files/A_81_6_%28Sect._3%29-EN.pdf?registerDownload=1&version=1&withMetadata=0&withWatermark=0#page=36","official full PDF link identified"
"E0212","crosswalk","CW036","DPO","S05","A/81/6 (Sect. 5)","7","5.I.16(b)","https://docs.un.org/en/A/81/6%20%28Sect.%205%29#page=7","official symbol resolver; HTTP availability not verified"
"E0213","crosswalk","CW037","DPPA","S03","A/81/6 (Sect. 3)","35","3.I.84(b-d)","https://digitallibrary.un.org/nanna/record/4110936/files/A_81_6_%28Sect._3%29-EN.pdf?registerDownload=1&version=1&withMetadata=0&withWatermark=0#page=35","official full PDF link identified"
"E0214","crosswalk","CW037","DPO","S05","A/81/6 (Sect. 5)","19","5.I.47-48","https://docs.un.org/en/A/81/6%20%28Sect.%205%29#page=19","official symbol resolver; HTTP availability not verified"
"E0215","crosswalk","CW038","DPPA","S03","A/81/6 (Sect. 3)","115","Annex I chart A","https://digitallibrary.un.org/nanna/record/4110936/files/A_81_6_%28Sect._3%29-EN.pdf?registerDownload=1&version=1&withMetadata=0&withWatermark=0#page=115","official full PDF link identified"
"E0216","crosswalk","CW038","DPO","S05","A/81/6 (Sect. 5)","34","5.I.78","https://docs.un.org/en/A/81/6%20%28Sect.%205%29#page=34","official symbol resolver; HTTP availability not verified"
"E0217","crosswalk","CW039","DPPA","S03","A/81/6 (Sect. 3)","35","3.I.84(c);Table 3.I.15","https://digitallibrary.un.org/nanna/record/4110936/files/A_81_6_%28Sect._3%29-EN.pdf?registerDownload=1&version=1&withMetadata=0&withWatermark=0#page=35","official full PDF link identified"
"E0218","crosswalk","CW039","DPO","S05","A/81/6 (Sect. 5)","4","5.I.3-5","https://docs.un.org/en/A/81/6%20%28Sect.%205%29#page=4","official symbol resolver; HTTP availability not verified"
