"segment_id","mission_id","start_date","end_date","apportioned_usd_thousands","resolution","operative_paragraph","financing_condition","source_url","scope","warning"
"GA_AS01","MINUSCA","2026-07-01","2026-11-15","421305.4","A/RES/80/276","14","unconditional_segment","https://docs.un.org/en/A/RES/80/276","assessed_apportionment_before_staff_assessment_and_revenue_credits","Not a cash expenditure or additional appropriation; sum segments equals inclusive GA appropriation"
"GA_AS02","MINUSCA","2026-11-16","2027-06-30","702175.9","A/RES/80/276","16","requires_security_council_extension","https://docs.un.org/en/A/RES/80/276","assessed_apportionment_before_staff_assessment_and_revenue_credits","Not a cash expenditure or additional appropriation; sum segments equals inclusive GA appropriation"
"GA_AS03","MONUSCO","2026-07-01","2026-12-20","454216.5","A/RES/80/278","16","unconditional_segment","https://docs.un.org/en/A/RES/80/278","assessed_apportionment_before_staff_assessment_and_revenue_credits","Not a cash expenditure or additional appropriation; sum segments equals inclusive GA appropriation"
"GA_AS04","MONUSCO","2026-12-21","2027-06-30","504101.5","A/RES/80/278","18","requires_security_council_extension","https://docs.un.org/en/A/RES/80/278","assessed_apportionment_before_staff_assessment_and_revenue_credits","Not a cash expenditure or additional appropriation; sum segments equals inclusive GA appropriation"
"GA_AS05","UNIFIL","2026-07-01","2027-06-30","446431.2","A/RES/80/282","21","not_conditioned_on_mandate_extension_withdrawal_funded","https://docs.un.org/en/A/RES/80/282","assessed_apportionment_before_staff_assessment_and_revenue_credits","Not a cash expenditure or additional appropriation; sum segments equals inclusive GA appropriation"
"GA_AS06","UNISFA","2026-07-01","2026-11-15","114157","A/RES/80/275","20","unconditional_segment","https://docs.un.org/en/A/RES/80/275","assessed_apportionment_before_staff_assessment_and_revenue_credits","Not a cash expenditure or additional appropriation; sum segments equals inclusive GA appropriation"
"GA_AS07","UNISFA","2026-11-16","2027-06-30","190261.9","A/RES/80/275","22","requires_security_council_extension","https://docs.un.org/en/A/RES/80/275","assessed_apportionment_before_staff_assessment_and_revenue_credits","Not a cash expenditure or additional appropriation; sum segments equals inclusive GA appropriation"
"GA_AS08","UNMISS","2026-07-01","2027-04-30","898355.3","A/RES/80/283","15","unconditional_segment","https://docs.un.org/en/A/RES/80/283","assessed_apportionment_before_staff_assessment_and_revenue_credits","Not a cash expenditure or additional appropriation; sum segments equals inclusive GA appropriation"
"GA_AS09","UNMISS","2027-05-01","2027-06-30","179671","A/RES/80/283","17","requires_security_council_extension","https://docs.un.org/en/A/RES/80/283","assessed_apportionment_before_staff_assessment_and_revenue_credits","Not a cash expenditure or additional appropriation; sum segments equals inclusive GA appropriation"
"GA_AS10","UNSOS","2026-07-01","2026-12-31","265721.9","A/RES/80/285","9","unconditional_segment","https://docs.un.org/en/A/RES/80/285","assessed_apportionment_before_staff_assessment_and_revenue_credits","Not a cash expenditure or additional appropriation; sum segments equals inclusive GA appropriation"
"GA_AS11","UNSOS","2027-01-01","2027-06-30","265721.8","A/RES/80/285","11","requires_security_council_extension_of_logistical_support","https://docs.un.org/en/A/RES/80/285","assessed_apportionment_before_staff_assessment_and_revenue_credits","Not a cash expenditure or additional appropriation; sum segments equals inclusive GA appropriation"
