"component_id","mission_id","component","hierarchy","approved_usd_thousands","sg_requested_usd_thousands","approval_minus_SG_usd_thousands","source_symbol","source_pdf_page","official_url","accounting_control"
"MINUSCA_MAIN_military_police","MINUSCA","military_police","maintenance_top_level","500029.3","500029.3","0","A/C.5/80/20","2","https://docs.un.org/en/A/C.5/80/20#page=2","Three main components sum to GA maintenance not inclusive appropriation; do not add subcategories twice"
"MINUSCA_MAIN_civilian_personnel","MINUSCA","civilian_personnel","maintenance_top_level","238899.4","238899.4","0","A/C.5/80/20","2","https://docs.un.org/en/A/C.5/80/20#page=2","Three main components sum to GA maintenance not inclusive appropriation; do not add subcategories twice"
"MINUSCA_MAIN_operational_requirements","MINUSCA","operational_requirements","maintenance_top_level","279077.4","282706.7","-3629.3","A/C.5/80/20","2","https://docs.un.org/en/A/C.5/80/20#page=2","Three main components sum to GA maintenance not inclusive appropriation; do not add subcategories twice"
"MINUSCA_SUB_consultants","MINUSCA","consultants","operational_subcomponent","392.5","not_in_existing_baseline","not_calculable_at_subcategory_level","A/C.5/80/20","2","https://docs.un.org/en/A/C.5/80/20#page=2","Already included within operational_requirements; not a new budget line"
"MINUSCA_SUB_official_travel","MINUSCA","official_travel","operational_subcomponent","4935.2","not_in_existing_baseline","not_calculable_at_subcategory_level","A/C.5/80/20","2","https://docs.un.org/en/A/C.5/80/20#page=2","Already included within operational_requirements; not a new budget line"
"MINUSCA_SUB_facilities_infrastructure","MINUSCA","facilities_infrastructure","operational_subcomponent","80489.6","not_in_existing_baseline","not_calculable_at_subcategory_level","A/C.5/80/20","2","https://docs.un.org/en/A/C.5/80/20#page=2","Already included within operational_requirements; not a new budget line"
"MINUSCA_SUB_ground_transportation","MINUSCA","ground_transportation","operational_subcomponent","18505.4","not_in_existing_baseline","not_calculable_at_subcategory_level","A/C.5/80/20","2","https://docs.un.org/en/A/C.5/80/20#page=2","Already included within operational_requirements; not a new budget line"
"MINUSCA_SUB_air_operations","MINUSCA","air_operations","operational_subcomponent","76904.7","not_in_existing_baseline","not_calculable_at_subcategory_level","A/C.5/80/20","2","https://docs.un.org/en/A/C.5/80/20#page=2","Already included within operational_requirements; not a new budget line"
"MINUSCA_SUB_marine_operations","MINUSCA","marine_operations","operational_subcomponent","501","not_in_existing_baseline","not_calculable_at_subcategory_level","A/C.5/80/20","2","https://docs.un.org/en/A/C.5/80/20#page=2","Already included within operational_requirements; not a new budget line"
"MINUSCA_SUB_communications_IT","MINUSCA","communications_IT","operational_subcomponent","38058.9","not_in_existing_baseline","not_calculable_at_subcategory_level","A/C.5/80/20","2","https://docs.un.org/en/A/C.5/80/20#page=2","Already included within operational_requirements; not a new budget line"
"MINUSCA_SUB_medical","MINUSCA","medical","operational_subcomponent","2521.5","not_in_existing_baseline","not_calculable_at_subcategory_level","A/C.5/80/20","2","https://docs.un.org/en/A/C.5/80/20#page=2","Already included within operational_requirements; not a new budget line"
"MINUSCA_SUB_other_supplies_services_equipment","MINUSCA","other_supplies_services_equipment","operational_subcomponent","52768.6","not_in_existing_baseline","not_calculable_at_subcategory_level","A/C.5/80/20","2","https://docs.un.org/en/A/C.5/80/20#page=2","Already included within operational_requirements; not a new budget line"
"MINUSCA_SUB_quick_impact_projects","MINUSCA","quick_impact_projects","operational_subcomponent","4000","not_in_existing_baseline","not_calculable_at_subcategory_level","A/C.5/80/20","2","https://docs.un.org/en/A/C.5/80/20#page=2","Already included within operational_requirements; not a new budget line"
"MINUSCA_CORP_support_account_share","MINUSCA","support_account_share","corporate_share_in_GA_appropriation","82156.4","not_in_SG_mission_maintenance","not_comparable","A/RES/80/276","3","https://docs.un.org/en/A/RES/80/276","GA inclusive appropriations include this share; corporate total is recorded separately in A/C.5/80/20, do not add support account twice"
"MINUSCA_CORP_unlb_share","MINUSCA","unlb_share","corporate_share_in_GA_appropriation","12201.8","not_in_SG_mission_maintenance","not_comparable","A/RES/80/276","3","https://docs.un.org/en/A/RES/80/276","GA inclusive appropriations include this share; corporate total is recorded separately in A/C.5/80/20, do not add support account twice"
"MINUSCA_CORP_rsce_share","MINUSCA","rsce_share","corporate_share_in_GA_appropriation","11117","not_in_SG_mission_maintenance","not_comparable","A/RES/80/276","3","https://docs.un.org/en/A/RES/80/276","GA inclusive appropriations include this share; corporate total is recorded separately in A/C.5/80/20, do not add support account twice"
"MINUSCA_TOTAL_inclusive","MINUSCA","inclusive_GA_appropriation","GA_total_top_level","1123481.3","not_comparable_to_SG_maintenance","not_comparable","A/RES/80/276","3","https://docs.un.org/en/A/RES/80/276","Maintenance plus support account UNLB and RSCE; not direct equivalent to SG mission-maintenance proposal"
"MONUSCO_MAIN_military_police","MONUSCO","military_police","maintenance_top_level","380684.4","380684.4","0","A/C.5/80/20","2","https://docs.un.org/en/A/C.5/80/20#page=2","Three main components sum to GA maintenance not inclusive appropriation; do not add subcategories twice"
"MONUSCO_MAIN_civilian_personnel","MONUSCO","civilian_personnel","maintenance_top_level","241146.5","243346.5","-2200","A/C.5/80/20","2","https://docs.un.org/en/A/C.5/80/20#page=2","Three main components sum to GA maintenance not inclusive appropriation; do not add subcategories twice"
"MONUSCO_MAIN_operational_requirements","MONUSCO","operational_requirements","maintenance_top_level","246517.7","250759.2","-4241.5","A/C.5/80/20","2","https://docs.un.org/en/A/C.5/80/20#page=2","Three main components sum to GA maintenance not inclusive appropriation; do not add subcategories twice"
"MONUSCO_SUB_consultants","MONUSCO","consultants","operational_subcomponent","540.8","not_in_existing_baseline","not_calculable_at_subcategory_level","A/C.5/80/20","2","https://docs.un.org/en/A/C.5/80/20#page=2","Already included within operational_requirements; not a new budget line"
"MONUSCO_SUB_official_travel","MONUSCO","official_travel","operational_subcomponent","5284.1","not_in_existing_baseline","not_calculable_at_subcategory_level","A/C.5/80/20","2","https://docs.un.org/en/A/C.5/80/20#page=2","Already included within operational_requirements; not a new budget line"
"MONUSCO_SUB_facilities_infrastructure","MONUSCO","facilities_infrastructure","operational_subcomponent","64453.9","not_in_existing_baseline","not_calculable_at_subcategory_level","A/C.5/80/20","2","https://docs.un.org/en/A/C.5/80/20#page=2","Already included within operational_requirements; not a new budget line"
"MONUSCO_SUB_ground_transportation","MONUSCO","ground_transportation","operational_subcomponent","9346.3","not_in_existing_baseline","not_calculable_at_subcategory_level","A/C.5/80/20","2","https://docs.un.org/en/A/C.5/80/20#page=2","Already included within operational_requirements; not a new budget line"
"MONUSCO_SUB_air_operations","MONUSCO","air_operations","operational_subcomponent","91222.3","not_in_existing_baseline","not_calculable_at_subcategory_level","A/C.5/80/20","2","https://docs.un.org/en/A/C.5/80/20#page=2","Already included within operational_requirements; not a new budget line"
"MONUSCO_SUB_marine_operations","MONUSCO","marine_operations","operational_subcomponent","1382.5","not_in_existing_baseline","not_calculable_at_subcategory_level","A/C.5/80/20","2","https://docs.un.org/en/A/C.5/80/20#page=2","Already included within operational_requirements; not a new budget line"
"MONUSCO_SUB_communications_IT","MONUSCO","communications_IT","operational_subcomponent","42929.2","not_in_existing_baseline","not_calculable_at_subcategory_level","A/C.5/80/20","2","https://docs.un.org/en/A/C.5/80/20#page=2","Already included within operational_requirements; not a new budget line"
"MONUSCO_SUB_medical","MONUSCO","medical","operational_subcomponent","1024.7","not_in_existing_baseline","not_calculable_at_subcategory_level","A/C.5/80/20","2","https://docs.un.org/en/A/C.5/80/20#page=2","Already included within operational_requirements; not a new budget line"
"MONUSCO_SUB_other_supplies_services_equipment","MONUSCO","other_supplies_services_equipment","operational_subcomponent","29333.9","not_in_existing_baseline","not_calculable_at_subcategory_level","A/C.5/80/20","2","https://docs.un.org/en/A/C.5/80/20#page=2","Already included within operational_requirements; not a new budget line"
"MONUSCO_SUB_quick_impact_projects","MONUSCO","quick_impact_projects","operational_subcomponent","1000","not_in_existing_baseline","not_calculable_at_subcategory_level","A/C.5/80/20","2","https://docs.un.org/en/A/C.5/80/20#page=2","Already included within operational_requirements; not a new budget line"
"MONUSCO_CORP_support_account_share","MONUSCO","support_account_share","corporate_share_in_GA_appropriation","70078.5","not_in_SG_mission_maintenance","not_comparable","A/RES/80/278","3","https://docs.un.org/en/A/RES/80/278","GA inclusive appropriations include this share; corporate total is recorded separately in A/C.5/80/20, do not add support account twice"
"MONUSCO_CORP_unlb_share","MONUSCO","unlb_share","corporate_share_in_GA_appropriation","10408.1","not_in_SG_mission_maintenance","not_comparable","A/RES/80/278","3","https://docs.un.org/en/A/RES/80/278","GA inclusive appropriations include this share; corporate total is recorded separately in A/C.5/80/20, do not add support account twice"
"MONUSCO_CORP_rsce_share","MONUSCO","rsce_share","corporate_share_in_GA_appropriation","9482.8","not_in_SG_mission_maintenance","not_comparable","A/RES/80/278","3","https://docs.un.org/en/A/RES/80/278","GA inclusive appropriations include this share; corporate total is recorded separately in A/C.5/80/20, do not add support account twice"
"MONUSCO_TOTAL_inclusive","MONUSCO","inclusive_GA_appropriation","GA_total_top_level","958318","not_comparable_to_SG_maintenance","not_comparable","A/RES/80/278","3","https://docs.un.org/en/A/RES/80/278","Maintenance plus support account UNLB and RSCE; not direct equivalent to SG mission-maintenance proposal"
"UNIFIL_MAIN_military_police","UNIFIL","military_police","maintenance_top_level","259142.9","259142.9","0","A/C.5/80/20","2","https://docs.un.org/en/A/C.5/80/20#page=2","Three main components sum to GA maintenance not inclusive appropriation; do not add subcategories twice"
"UNIFIL_MAIN_civilian_personnel","UNIFIL","civilian_personnel","maintenance_top_level","114979.8","114979.8","0","A/C.5/80/20","2","https://docs.un.org/en/A/C.5/80/20#page=2","Three main components sum to GA maintenance not inclusive appropriation; do not add subcategories twice"
"UNIFIL_MAIN_operational_requirements","UNIFIL","operational_requirements","maintenance_top_level","33502.3","33901","-398.7","A/C.5/80/20","2","https://docs.un.org/en/A/C.5/80/20#page=2","Three main components sum to GA maintenance not inclusive appropriation; do not add subcategories twice"
"UNIFIL_SUB_consultants","UNIFIL","consultants","operational_subcomponent","185.7","not_in_existing_baseline","not_calculable_at_subcategory_level","A/C.5/80/20","2","https://docs.un.org/en/A/C.5/80/20#page=2","Already included within operational_requirements; not a new budget line"
"UNIFIL_SUB_official_travel","UNIFIL","official_travel","operational_subcomponent","394.6","not_in_existing_baseline","not_calculable_at_subcategory_level","A/C.5/80/20","2","https://docs.un.org/en/A/C.5/80/20#page=2","Already included within operational_requirements; not a new budget line"
"UNIFIL_SUB_facilities_infrastructure","UNIFIL","facilities_infrastructure","operational_subcomponent","15627.7","not_in_existing_baseline","not_calculable_at_subcategory_level","A/C.5/80/20","2","https://docs.un.org/en/A/C.5/80/20#page=2","Already included within operational_requirements; not a new budget line"
"UNIFIL_SUB_ground_transportation","UNIFIL","ground_transportation","operational_subcomponent","4370.2","not_in_existing_baseline","not_calculable_at_subcategory_level","A/C.5/80/20","2","https://docs.un.org/en/A/C.5/80/20#page=2","Already included within operational_requirements; not a new budget line"
"UNIFIL_SUB_air_operations","UNIFIL","air_operations","operational_subcomponent","4955.8","not_in_existing_baseline","not_calculable_at_subcategory_level","A/C.5/80/20","2","https://docs.un.org/en/A/C.5/80/20#page=2","Already included within operational_requirements; not a new budget line"
"UNIFIL_SUB_marine_operations","UNIFIL","marine_operations","operational_subcomponent","25","not_in_existing_baseline","not_calculable_at_subcategory_level","A/C.5/80/20","2","https://docs.un.org/en/A/C.5/80/20#page=2","Already included within operational_requirements; not a new budget line"
"UNIFIL_SUB_communications_IT","UNIFIL","communications_IT","operational_subcomponent","4089.6","not_in_existing_baseline","not_calculable_at_subcategory_level","A/C.5/80/20","2","https://docs.un.org/en/A/C.5/80/20#page=2","Already included within operational_requirements; not a new budget line"
"UNIFIL_SUB_medical","UNIFIL","medical","operational_subcomponent","932.4","not_in_existing_baseline","not_calculable_at_subcategory_level","A/C.5/80/20","2","https://docs.un.org/en/A/C.5/80/20#page=2","Already included within operational_requirements; not a new budget line"
"UNIFIL_SUB_other_supplies_services_equipment","UNIFIL","other_supplies_services_equipment","operational_subcomponent","2571.3","not_in_existing_baseline","not_calculable_at_subcategory_level","A/C.5/80/20","2","https://docs.un.org/en/A/C.5/80/20#page=2","Already included within operational_requirements; not a new budget line"
"UNIFIL_SUB_quick_impact_projects","UNIFIL","quick_impact_projects","operational_subcomponent","350","not_in_existing_baseline","not_calculable_at_subcategory_level","A/C.5/80/20","2","https://docs.un.org/en/A/C.5/80/20#page=2","Already included within operational_requirements; not a new budget line"
"UNIFIL_CORP_support_account_share","UNIFIL","support_account_share","corporate_share_in_GA_appropriation","32896.6","not_in_SG_mission_maintenance","not_comparable","A/RES/80/282","4","https://docs.un.org/en/A/RES/80/282","GA inclusive appropriations include this share; corporate total is recorded separately in A/C.5/80/20, do not add support account twice"
"UNIFIL_CORP_unlb_share","UNIFIL","unlb_share","corporate_share_in_GA_appropriation","4885.8","not_in_SG_mission_maintenance","not_comparable","A/RES/80/282","4","https://docs.un.org/en/A/RES/80/282","GA inclusive appropriations include this share; corporate total is recorded separately in A/C.5/80/20, do not add support account twice"
"UNIFIL_CORP_rsce_share","UNIFIL","rsce_share","corporate_share_in_GA_appropriation","1023.8","not_in_SG_mission_maintenance","not_comparable","A/RES/80/282","4","https://docs.un.org/en/A/RES/80/282","GA inclusive appropriations include this share; corporate total is recorded separately in A/C.5/80/20, do not add support account twice"
"UNIFIL_TOTAL_inclusive","UNIFIL","inclusive_GA_appropriation","GA_total_top_level","446431.2","not_comparable_to_SG_maintenance","not_comparable","A/RES/80/282","4","https://docs.un.org/en/A/RES/80/282","Maintenance plus support account UNLB and RSCE; not direct equivalent to SG mission-maintenance proposal"
"UNISFA_MAIN_military_police","UNISFA","military_police","maintenance_top_level","117294.6","117294.6","0","A/C.5/80/20","2","https://docs.un.org/en/A/C.5/80/20#page=2","Three main components sum to GA maintenance not inclusive appropriation; do not add subcategories twice"
"UNISFA_MAIN_civilian_personnel","UNISFA","civilian_personnel","maintenance_top_level","50960.9","51077.4","-116.5","A/C.5/80/20","2","https://docs.un.org/en/A/C.5/80/20#page=2","Three main components sum to GA maintenance not inclusive appropriation; do not add subcategories twice"
"UNISFA_MAIN_operational_requirements","UNISFA","operational_requirements","maintenance_top_level","107583.8","108866.1","-1282.3","A/C.5/80/20","2","https://docs.un.org/en/A/C.5/80/20#page=2","Three main components sum to GA maintenance not inclusive appropriation; do not add subcategories twice"
"UNISFA_SUB_consultants","UNISFA","consultants","operational_subcomponent","683","not_in_existing_baseline","not_calculable_at_subcategory_level","A/C.5/80/20","2","https://docs.un.org/en/A/C.5/80/20#page=2","Already included within operational_requirements; not a new budget line"
"UNISFA_SUB_official_travel","UNISFA","official_travel","operational_subcomponent","693","not_in_existing_baseline","not_calculable_at_subcategory_level","A/C.5/80/20","2","https://docs.un.org/en/A/C.5/80/20#page=2","Already included within operational_requirements; not a new budget line"
"UNISFA_SUB_facilities_infrastructure","UNISFA","facilities_infrastructure","operational_subcomponent","46097.4","not_in_existing_baseline","not_calculable_at_subcategory_level","A/C.5/80/20","2","https://docs.un.org/en/A/C.5/80/20#page=2","Already included within operational_requirements; not a new budget line"
"UNISFA_SUB_ground_transportation","UNISFA","ground_transportation","operational_subcomponent","6417.6","not_in_existing_baseline","not_calculable_at_subcategory_level","A/C.5/80/20","2","https://docs.un.org/en/A/C.5/80/20#page=2","Already included within operational_requirements; not a new budget line"
"UNISFA_SUB_air_operations","UNISFA","air_operations","operational_subcomponent","27403","not_in_existing_baseline","not_calculable_at_subcategory_level","A/C.5/80/20","2","https://docs.un.org/en/A/C.5/80/20#page=2","Already included within operational_requirements; not a new budget line"
"UNISFA_SUB_marine_operations","UNISFA","marine_operations","operational_subcomponent","246.8","not_in_existing_baseline","not_calculable_at_subcategory_level","A/C.5/80/20","2","https://docs.un.org/en/A/C.5/80/20#page=2","Already included within operational_requirements; not a new budget line"
"UNISFA_SUB_communications_IT","UNISFA","communications_IT","operational_subcomponent","7402","not_in_existing_baseline","not_calculable_at_subcategory_level","A/C.5/80/20","2","https://docs.un.org/en/A/C.5/80/20#page=2","Already included within operational_requirements; not a new budget line"
"UNISFA_SUB_medical","UNISFA","medical","operational_subcomponent","602.5","not_in_existing_baseline","not_calculable_at_subcategory_level","A/C.5/80/20","2","https://docs.un.org/en/A/C.5/80/20#page=2","Already included within operational_requirements; not a new budget line"
"UNISFA_SUB_other_supplies_services_equipment","UNISFA","other_supplies_services_equipment","operational_subcomponent","17288.5","not_in_existing_baseline","not_calculable_at_subcategory_level","A/C.5/80/20","2","https://docs.un.org/en/A/C.5/80/20#page=2","Already included within operational_requirements; not a new budget line"
"UNISFA_SUB_quick_impact_projects","UNISFA","quick_impact_projects","operational_subcomponent","750","not_in_existing_baseline","not_calculable_at_subcategory_level","A/C.5/80/20","2","https://docs.un.org/en/A/C.5/80/20#page=2","Already included within operational_requirements; not a new budget line"
"UNISFA_CORP_support_account_share","UNISFA","support_account_share","corporate_share_in_GA_appropriation","22261.1","not_in_SG_mission_maintenance","not_comparable","A/RES/80/275","3","https://docs.un.org/en/A/RES/80/275","GA inclusive appropriations include this share; corporate total is recorded separately in A/C.5/80/20, do not add support account twice"
"UNISFA_CORP_unlb_share","UNISFA","unlb_share","corporate_share_in_GA_appropriation","3306.2","not_in_SG_mission_maintenance","not_comparable","A/RES/80/275","3","https://docs.un.org/en/A/RES/80/275","GA inclusive appropriations include this share; corporate total is recorded separately in A/C.5/80/20, do not add support account twice"
"UNISFA_CORP_rsce_share","UNISFA","rsce_share","corporate_share_in_GA_appropriation","3012.3","not_in_SG_mission_maintenance","not_comparable","A/RES/80/275","3","https://docs.un.org/en/A/RES/80/275","GA inclusive appropriations include this share; corporate total is recorded separately in A/C.5/80/20, do not add support account twice"
"UNISFA_TOTAL_inclusive","UNISFA","inclusive_GA_appropriation","GA_total_top_level","304418.9","not_comparable_to_SG_maintenance","not_comparable","A/RES/80/275","3","https://docs.un.org/en/A/RES/80/275","Maintenance plus support account UNLB and RSCE; not direct equivalent to SG mission-maintenance proposal"
"UNMISS_MAIN_military_police","UNMISS","military_police","maintenance_top_level","410292.2","437715","-27422.8","A/C.5/80/20","3","https://docs.un.org/en/A/C.5/80/20#page=3","Three main components sum to GA maintenance not inclusive appropriation; do not add subcategories twice"
"UNMISS_MAIN_civilian_personnel","UNMISS","civilian_personnel","maintenance_top_level","282246.5","329348","-47101.5","A/C.5/80/20","3","https://docs.un.org/en/A/C.5/80/20#page=3","Three main components sum to GA maintenance not inclusive appropriation; do not add subcategories twice"
"UNMISS_MAIN_operational_requirements","UNMISS","operational_requirements","maintenance_top_level","284279.9","290528.6","-6248.7","A/C.5/80/20","3","https://docs.un.org/en/A/C.5/80/20#page=3","Three main components sum to GA maintenance not inclusive appropriation; do not add subcategories twice"
"UNMISS_SUB_consultants","UNMISS","consultants","operational_subcomponent","213.2","not_in_existing_baseline","not_calculable_at_subcategory_level","A/C.5/80/20","3","https://docs.un.org/en/A/C.5/80/20#page=3","Already included within operational_requirements; not a new budget line"
"UNMISS_SUB_official_travel","UNMISS","official_travel","operational_subcomponent","2725.4","not_in_existing_baseline","not_calculable_at_subcategory_level","A/C.5/80/20","3","https://docs.un.org/en/A/C.5/80/20#page=3","Already included within operational_requirements; not a new budget line"
"UNMISS_SUB_facilities_infrastructure","UNMISS","facilities_infrastructure","operational_subcomponent","82576.9","not_in_existing_baseline","not_calculable_at_subcategory_level","A/C.5/80/20","3","https://docs.un.org/en/A/C.5/80/20#page=3","Already included within operational_requirements; not a new budget line"
"UNMISS_SUB_ground_transportation","UNMISS","ground_transportation","operational_subcomponent","11883.3","not_in_existing_baseline","not_calculable_at_subcategory_level","A/C.5/80/20","3","https://docs.un.org/en/A/C.5/80/20#page=3","Already included within operational_requirements; not a new budget line"
"UNMISS_SUB_air_operations","UNMISS","air_operations","operational_subcomponent","99688.3","not_in_existing_baseline","not_calculable_at_subcategory_level","A/C.5/80/20","3","https://docs.un.org/en/A/C.5/80/20#page=3","Already included within operational_requirements; not a new budget line"
"UNMISS_SUB_marine_operations","UNMISS","marine_operations","operational_subcomponent","3102.9","not_in_existing_baseline","not_calculable_at_subcategory_level","A/C.5/80/20","3","https://docs.un.org/en/A/C.5/80/20#page=3","Already included within operational_requirements; not a new budget line"
"UNMISS_SUB_communications_IT","UNMISS","communications_IT","operational_subcomponent","30390.3","not_in_existing_baseline","not_calculable_at_subcategory_level","A/C.5/80/20","3","https://docs.un.org/en/A/C.5/80/20#page=3","Already included within operational_requirements; not a new budget line"
"UNMISS_SUB_medical","UNMISS","medical","operational_subcomponent","1640.6","not_in_existing_baseline","not_calculable_at_subcategory_level","A/C.5/80/20","3","https://docs.un.org/en/A/C.5/80/20#page=3","Already included within operational_requirements; not a new budget line"
"UNMISS_SUB_other_supplies_services_equipment","UNMISS","other_supplies_services_equipment","operational_subcomponent","48059","not_in_existing_baseline","not_calculable_at_subcategory_level","A/C.5/80/20","3","https://docs.un.org/en/A/C.5/80/20#page=3","Already included within operational_requirements; not a new budget line"
"UNMISS_SUB_quick_impact_projects","UNMISS","quick_impact_projects","operational_subcomponent","4000","not_in_existing_baseline","not_calculable_at_subcategory_level","A/C.5/80/20","3","https://docs.un.org/en/A/C.5/80/20#page=3","Already included within operational_requirements; not a new budget line"
"UNMISS_CORP_support_account_share","UNMISS","support_account_share","corporate_share_in_GA_appropriation","78832.3","not_in_SG_mission_maintenance","not_comparable","A/RES/80/283","2-3","https://docs.un.org/en/A/RES/80/283","GA inclusive appropriations include this share; corporate total is recorded separately in A/C.5/80/20, do not add support account twice"
"UNMISS_CORP_unlb_share","UNMISS","unlb_share","corporate_share_in_GA_appropriation","11708.1","not_in_SG_mission_maintenance","not_comparable","A/RES/80/283","2-3","https://docs.un.org/en/A/RES/80/283","GA inclusive appropriations include this share; corporate total is recorded separately in A/C.5/80/20, do not add support account twice"
"UNMISS_CORP_rsce_share","UNMISS","rsce_share","corporate_share_in_GA_appropriation","10667.3","not_in_SG_mission_maintenance","not_comparable","A/RES/80/283","2-3","https://docs.un.org/en/A/RES/80/283","GA inclusive appropriations include this share; corporate total is recorded separately in A/C.5/80/20, do not add support account twice"
"UNMISS_TOTAL_inclusive","UNMISS","inclusive_GA_appropriation","GA_total_top_level","1078026.3","not_comparable_to_SG_maintenance","not_comparable","A/RES/80/283","2-3","https://docs.un.org/en/A/RES/80/283","Maintenance plus support account UNLB and RSCE; not direct equivalent to SG mission-maintenance proposal"
"UNSOS_MAIN_military_police","UNSOS","military_police","maintenance_top_level","112903.8","112903.8","0","A/C.5/80/20","3","https://docs.un.org/en/A/C.5/80/20#page=3","Three main components sum to GA maintenance not inclusive appropriation; do not add subcategories twice"
"UNSOS_MAIN_civilian_personnel","UNSOS","civilian_personnel","maintenance_top_level","104190.3","104311.7","-121.4","A/C.5/80/20","3","https://docs.un.org/en/A/C.5/80/20#page=3","Three main components sum to GA maintenance not inclusive appropriation; do not add subcategories twice"
"UNSOS_MAIN_operational_requirements","UNSOS","operational_requirements","maintenance_top_level","264456.3","264456.3","0","A/C.5/80/20","3","https://docs.un.org/en/A/C.5/80/20#page=3","Three main components sum to GA maintenance not inclusive appropriation; do not add subcategories twice"
"UNSOS_SUB_consultants","UNSOS","consultants","operational_subcomponent","370","not_in_existing_baseline","not_calculable_at_subcategory_level","A/C.5/80/20","3","https://docs.un.org/en/A/C.5/80/20#page=3","Already included within operational_requirements; not a new budget line"
"UNSOS_SUB_official_travel","UNSOS","official_travel","operational_subcomponent","1129.9","not_in_existing_baseline","not_calculable_at_subcategory_level","A/C.5/80/20","3","https://docs.un.org/en/A/C.5/80/20#page=3","Already included within operational_requirements; not a new budget line"
"UNSOS_SUB_facilities_infrastructure","UNSOS","facilities_infrastructure","operational_subcomponent","83509","not_in_existing_baseline","not_calculable_at_subcategory_level","A/C.5/80/20","3","https://docs.un.org/en/A/C.5/80/20#page=3","Already included within operational_requirements; not a new budget line"
"UNSOS_SUB_ground_transportation","UNSOS","ground_transportation","operational_subcomponent","11809.8","not_in_existing_baseline","not_calculable_at_subcategory_level","A/C.5/80/20","3","https://docs.un.org/en/A/C.5/80/20#page=3","Already included within operational_requirements; not a new budget line"
"UNSOS_SUB_air_operations","UNSOS","air_operations","operational_subcomponent","93606.9","not_in_existing_baseline","not_calculable_at_subcategory_level","A/C.5/80/20","3","https://docs.un.org/en/A/C.5/80/20#page=3","Already included within operational_requirements; not a new budget line"
"UNSOS_SUB_marine_operations","UNSOS","marine_operations","operational_subcomponent","416.1","not_in_existing_baseline","not_calculable_at_subcategory_level","A/C.5/80/20","3","https://docs.un.org/en/A/C.5/80/20#page=3","Already included within operational_requirements; not a new budget line"
"UNSOS_SUB_communications_IT","UNSOS","communications_IT","operational_subcomponent","25156.1","not_in_existing_baseline","not_calculable_at_subcategory_level","A/C.5/80/20","3","https://docs.un.org/en/A/C.5/80/20#page=3","Already included within operational_requirements; not a new budget line"
"UNSOS_SUB_medical","UNSOS","medical","operational_subcomponent","9309.6","not_in_existing_baseline","not_calculable_at_subcategory_level","A/C.5/80/20","3","https://docs.un.org/en/A/C.5/80/20#page=3","Already included within operational_requirements; not a new budget line"
"UNSOS_SUB_other_supplies_services_equipment","UNSOS","other_supplies_services_equipment","operational_subcomponent","39148.9","not_in_existing_baseline","not_calculable_at_subcategory_level","A/C.5/80/20","3","https://docs.un.org/en/A/C.5/80/20#page=3","Already included within operational_requirements; not a new budget line"
"UNSOS_SUB_quick_impact_projects","UNSOS","quick_impact_projects","operational_subcomponent","0","not_in_existing_baseline","not_calculable_at_subcategory_level","A/C.5/80/20","3","https://docs.un.org/en/A/C.5/80/20#page=3","Already included within operational_requirements; not a new budget line"
"UNSOS_CORP_support_account_share","UNSOS","support_account_share","corporate_share_in_GA_appropriation","38862.6","not_in_SG_mission_maintenance","not_comparable","A/RES/80/285","2","https://docs.un.org/en/A/RES/80/285","GA inclusive appropriations include this share; corporate total is recorded separately in A/C.5/80/20, do not add support account twice"
"UNSOS_CORP_unlb_share","UNSOS","unlb_share","corporate_share_in_GA_appropriation","5771.9","not_in_SG_mission_maintenance","not_comparable","A/RES/80/285","2","https://docs.un.org/en/A/RES/80/285","GA inclusive appropriations include this share; corporate total is recorded separately in A/C.5/80/20, do not add support account twice"
"UNSOS_CORP_rsce_share","UNSOS","rsce_share","corporate_share_in_GA_appropriation","5258.8","not_in_SG_mission_maintenance","not_comparable","A/RES/80/285","2","https://docs.un.org/en/A/RES/80/285","GA inclusive appropriations include this share; corporate total is recorded separately in A/C.5/80/20, do not add support account twice"
"UNSOS_TOTAL_inclusive","UNSOS","inclusive_GA_appropriation","GA_total_top_level","531443.7","not_comparable_to_SG_maintenance","not_comparable","A/RES/80/285","2","https://docs.un.org/en/A/RES/80/285","Maintenance plus support account UNLB and RSCE; not direct equivalent to SG mission-maintenance proposal"
