"directive_id","mission_id","ga_resolution","operative_paragraph","pdf_page","directive_paraphrase","linked_candidate_id","directive_category","official_url","financial_exposure_usd_thousands","savings_inference"
"GA_D01","MINUSCA","A/RES/80/276","9","2","Draw lessons from electoral-support activities for application as appropriate to other peace operations","C15","requested_lessons_review","https://docs.un.org/en/A/RES/80/276","not_separately_quantified","prohibited_without_cost_evidence"
"GA_D02","MONUSCO","A/RES/80/278","9","2","Strengthen internal controls for irregular medical insurance claims","-","requested_internal_controls","https://docs.un.org/en/A/RES/80/278","not_separately_quantified","prohibited_without_cost_evidence"
"GA_D03","MONUSCO","A/RES/80/278","10","2","Ensure adequate resources for efficient and effective permanent-ceasefire support consistent with Security Council 2808","C07","mandate_capability_guardrail","https://docs.un.org/en/A/RES/80/278","not_separately_quantified","prohibited_without_cost_evidence"
"GA_D04","MONUSCO","A/RES/80/278","11","2","Maintain readiness and logistical flexibility for medical emergencies","C07","mandate_capability_guardrail","https://docs.un.org/en/A/RES/80/278","not_separately_quantified","prohibited_without_cost_evidence"
"GA_D05","UNIFIL","A/RES/80/282","12","3","Provide comprehensive information on separation costs during drawdown and withdrawal","C12","requested_financial_disclosure","https://docs.un.org/en/A/RES/80/282","not_separately_quantified","prohibited_without_cost_evidence"
"GA_D06","UNIFIL","A/RES/80/282","14","3","Ensure environmental and site-closure measures before property transfer","C12","requested_transition_protection","https://docs.un.org/en/A/RES/80/282","not_separately_quantified","prohibited_without_cost_evidence"
"GA_D07","UNIFIL","A/RES/80/282","15","3","Ensure orderly safe accountable withdrawal and personnel safety","C12","mandate_capability_guardrail","https://docs.un.org/en/A/RES/80/282","not_separately_quantified","prohibited_without_cost_evidence"
"GA_D08","UNISFA","A/RES/80/275","9","2","Review centralization and performance of Translation Unit in the 2027/28 budget","C19","specific_review_required","https://docs.un.org/en/A/RES/80/275","not_separately_quantified","prohibited_without_cost_evidence"
"GA_D09","UNISFA","A/RES/80/275","10","2","Assess underutilized assets promptly and report on increased utilization","C19","specific_asset_review_required","https://docs.un.org/en/A/RES/80/275","not_separately_quantified","prohibited_without_cost_evidence"
"GA_D10","UNISFA","A/RES/80/275","11","2-3","Ensure systematic and accountable management of assets transferred from MINUSMA","C19","asset_transfer_control_required","https://docs.un.org/en/A/RES/80/275","not_separately_quantified","prohibited_without_cost_evidence"
"GA_D11","UNISFA","A/RES/80/275","12","3","Improve counter-UAS capability within mandate while reducing security losses","C19","mandate_capability_guardrail","https://docs.un.org/en/A/RES/80/275","not_separately_quantified","prohibited_without_cost_evidence"
"GA_D12","UNISFA","A/RES/80/275","15","3","Provide information on measures sustaining operational vehicle fleet","C19","specific_fleet_review_required","https://docs.un.org/en/A/RES/80/275","not_separately_quantified","prohibited_without_cost_evidence"
"GA_D13","UNMISS","A/RES/80/283","9","2","Abolish 91 civilian posts and positions by group II with details in resolution annex","C15","already_adopted_abolishments","https://docs.un.org/en/A/RES/80/283","not_separately_quantified","prohibited_without_cost_evidence"
"GA_D14","UNSOS","A/RES/80/285","3","2","Report on mandate consequences of liquidity contingency measures for UNSOS and AUSSOM","C08","mandate_capability_guardrail","https://docs.un.org/en/A/RES/80/285","not_separately_quantified","prohibited_without_cost_evidence"
"GA_D15","UNSOS","A/RES/80/285","4","2","Address delayed recovery of economic losses from fuel contractor nonperformance and report back","C08","explicit_recovery_followup","https://docs.un.org/en/A/RES/80/285","not_separately_quantified","prohibited_without_cost_evidence"
