"mandate_id","instrument","scope","dppa_anchor","dpo_anchor","relationship","analytic_guardrail"
"M01","UN Charter Article 33","Pacific settlement of disputes","3.I.13 p6","none","dppa_recorded","Not evidence that DPO regional military tasks are interchangeable"
"M02","UN Charter Article 99","Secretary-General powers and political good offices","3.I.13 p6","none","dppa_recorded","Distinct from mission logistical support"
"M03","GA resolution 72/262 C","Peace and security pillar restructuring","3.I.2 p4","5.I.1 p3","shared_in_sources","Organizational foundation does not establish avoidable duplication"
"M04","GA resolution 79/1","Pact for the Future peace operations and prevention","3.I.2 p4","5.I.1-2 p3","shared_in_sources","Joint policy objective; duties require functional matching"
"M05","GA resolution 80/11","2025 peacebuilding architecture review","3.I.13 p11","5.I.11 p6","shared_in_sources","Common oversight framework not duplicate staff by itself"
"M06","GA resolution 60/180","Peacebuilding Commission","3.I.13 p11","5.I.11 p6","shared_in_sources","PBC financing and DPO operational functions differ"
"M07","SC resolution 1325 (2000)","Women peace and security","3.I.13 p7","5.I.11 p6","shared_in_sources","Evidence for joint Gender Unit but retains field-specific delivery"
"M08","SC resolution 2250 (2015)","Youth peace and security","3.I.13 p7","5.I.11 p6","shared_in_sources","Distinct civilian youth activities may coexist"
"M09","SC resolution 2282 (2016)","Peacebuilding and sustaining peace","3.I.13 p11","5.I.11 p6","shared_in_sources","Related mandate not proof of redundant outputs"
"M10","SC resolution 2594 (2021)","Transitions of UN peace operations","3.I.13 p11","5.I.11 p6","shared_in_sources","Coordinate transition finance and operational sequencing"
"M11","SC resolution 2719 (2023)","UN-AU peace support partnership","3.I.13 p9;3.IV.4 p85","5.I.11 p6","shared_in_sources","UNOAU and DPO roles require division-of-labour audit"
"M12","GA resolution 78/257","Investing in prevention and peacebuilding","3.I.13 p11","none","dppa_recorded","PBF activity not departmental administrative savings"
"M13","GA resolution 63/282","Peacebuilding Fund","3.I.13 p11","none","dppa_recorded","Funding stewardship distinct from field deliverables"
"M14","GA resolution 78/208","Electoral assistance","3.I.13 p9","none","dppa_recorded","DPPA UN electoral assistance focal role"
"M15","GA resolution 79/296","Comprehensive review of peacekeeping operations","none","5.I.11 p6","dpo_recorded","DPO policy and operational context"
"M16","GA resolution 76/274","Cross-cutting peacekeeping issues","none","5.I.11 p6","dpo_recorded","DPO-specific implementation matters"
"M17","GA resolution 80/74","Mine action","none","5.I.11 p6","dpo_recorded","Technical hazard-response capacity"
"M18","SC resolution 2589 (2021)","Accountability for crimes against peacekeepers","none","5.I.49 p20","dpo_recorded","DPO specialized legal and safety portfolio"
"M19","SC resolution 2790 (2025)","UNIFIL transition schedule","none","5.II.20 p45","dpo_recorded","Check mandates and agreed exit milestones"
"M20","SC resolutions 50 (1948);54 (1948);73 (1949)","UNTSO armistice observation","none","5.II.1 p41;5.II.23 p45","dpo_recorded","Separate mandated observer function"
"M21","SC resolution 307 (1971)","UNMOGIP ceasefire monitoring","none","5.III.1 p51;5.III.21 p55","dpo_recorded","Separate mandated observer function"
"M22","GA resolution 46/232","Earlier DPA organizational foundation","3.I.2 p4","none","dppa_recorded","Institutional history not current overlap evidence"
"M23","GA resolution 80/242","UN80 restructuring and 2026 budget adjustments","3.I.4 p5;3.I.11 p6","5.I.9 p5","shared_in_sources","Track as baseline changes not new savings"
"M24","SC resolution 2151 (2014)","Security sector reform","none","5.I.11 p6","dpo_recorded","Security sector reform is already named in joint office"
"M25","GA resolution 3376 (XXX)","Committee on the Exercise of the Inalienable Rights of the Palestinian People","3.I.13 p10","none","dppa_recorded","Negative control: different from ceasefire monitoring"
