"watch_id","document_or_request","scope","document_date","verified_status_on_2026_10_08","why_it_matters","verification_basis","locator","next_documentary_action"
"W001","A/81/7","General 2027 programme budget ACABQ first report","2026-10-06","indexed_published_full_content_not_reviewed","ACABQ proposals for 2027 and possible revised recommendations","ACABQ latest reports","https://www.un.org/ga/acabq/en/reports","After obtaining full official report; any net proposal adjustment must be rechecked"
"W002","A/81/7/Add.2","SPM Cluster I advisory review","2026-08-25","indexed_published_full_content_not_reviewed","Recommend changes to mission envelopes, grade/costs or staffing","ACABQ latest reports","https://www.un.org/ga/acabq/en/reports","Obtain full report and match recommendations to 12 Cluster I SPM mission IDs"
"W003","A/81/7/Add.3","SPM Cluster II advisory review","2026-08-25","indexed_published_full_content_not_reviewed","Recommend changes to sanctions panel finance and expert support","ACABQ latest reports","https://www.un.org/ga/acabq/en/reports","Obtain full report and match to 15 Cluster II SPM IDs"
"W004","A/81/7/Add.4","Potential Cluster III advisory review","not_confirmed","not_verified_in_current_index_result","May affect 9 Cluster III budget proposals including BINUH","ACABQ reports index","https://www.un.org/ga/acabq/en/reports","Check periodically; do not infer publication or recommendations"
"W005","2027_SPM_GA_APPROPRIATION","Final GA decisions on calendar 2027 SPM financing","future_no_symbol","not_yet_verified_approved","Approve or modify 2027 SPM missions, RSCE share and staffing","Fifth Committee","https://www.un.org/en/ga/fifth/81/","Reconcile adopted allocations separately before presenting approved 2027 figures"
"W006","UNISFA_2027_28_BUDGET","Follow-up centralization and asset utilization review","future_not_verified","awaiting_forthcoming_budget_material","GA requested translation and MINUSMA asset stewardship disclosures","A/RES/80/275 paras9-11","https://docs.un.org/en/A/RES/80/275","Check 2027/28 mission proposed and adopted budgets for documentary findings"
"W007","UNSOS_FUEL_REPORT","Fuel contractor nonperformance recovery progress","future_not_verified","awaiting_followup","GA directed contractor recoveries and report-back","A/RES/80/285 para4","https://docs.un.org/en/A/RES/80/285","Do not report recovered dollars without public official statements and ledger evidence"
"W008","MONUSCO_MEDICAL_REVIEW","Medical insurance control follow-up","future_not_verified","awaiting_followup","GA requested irregular insurance claims controls","A/RES/80/278 para9","https://docs.un.org/en/A/RES/80/278","Look for OIOS and forthcoming budget action; avoid associating control with staff health reductions"
"W009","UNIFIL_SCHEDULE","UNIFIL property, separation and environmental closure reporting","future_not_verified","awaiting_public_reporting","Cessation and withdrawal timetable affects savings baseline","A/RES/80/282 paras12-15","https://docs.un.org/en/A/RES/80/282","Monitor Security Council mandate and operationally protected asset transfer evidence"
