output_pair_id,pairing,deliverable,planned_2027_a,planned_2027_b,count_unit,source_a_anchor,source_a_url,source_b_anchor,source_b_url,documented_relation,followup_test,validity,same_final_output_documented,financial_cost_verified,missing_comparator_is_zero,release_status,retrospective_2025_26_match_ids,retrospective_2025_26_sources_referenced,retrospective_2025_26_reuse_class,retrospective_sample_coverage,retrospective_verified_duplicate_cost,retrospective_incremental_net_savings_usd,retrospective_documentary_limit,phase11_curated_official_activity_ids,phase11_dated_or_partial_activity_ids,phase11_combined_2025_26_sample_coverage,phase11_financial_duplicate_service,phase11_net_new_savings_usd
UO01,UNOWAS/UNOCA,Security Council reports,2,2,report,Add4 Table7 p17,https://docs.un.org/en/A/81/6%20%28Sect.%203%29/Add.4#page=17,Add4 Table35 p51,https://docs.un.org/en/A/81/6%20%28Sect.%203%29/Add.4#page=51,different_regions,Match actual report symbols and shared drafting,programmed_2027_output_not_actual_transaction,no,not_estimated,no,candidate_for_public_document_review_not_cut,MX010;MX011;MX012,8,shared_event_input_distinct_mandated_reports,matched_in_purposive_sample,no,not_estimated,selected_2025_2026_official_sources_only_not_comprehensive_transaction_evidence,none_in_new_curated_sample,none,source_present_in_selected_sample,not_verified,not_estimated
UO02,UNOWAS/UNOCA,Security Council meetings,2,2,meeting,Add4 Table7 p17,https://docs.un.org/en/A/81/6%20%28Sect.%203%29/Add.4#page=17,Add4 Table35 p51,https://docs.un.org/en/A/81/6%20%28Sect.%203%29/Add.4#page=51,different_subjects,Match Council meeting number,programmed_2027_output_not_actual_transaction,no,not_estimated,no,candidate_for_public_document_review_not_cut,MX013,5,distinct_Council_meetings_confirmed,matched_in_purposive_sample,no,not_estimated,selected_2025_2026_official_sources_only_not_comprehensive_transaction_evidence,none_in_new_curated_sample,none,source_present_in_selected_sample,not_verified,not_estimated
UO03,UNOWAS/UNOCA,Regional workshops,15,13,day,Add4 Table7 p17,https://docs.un.org/en/A/81/6%20%28Sect.%203%29/Add.4#page=17,Add4 Table35 p51,https://docs.un.org/en/A/81/6%20%28Sect.%203%29/Add.4#page=51,topic_overlap_only,Match curricula participants and venues,programmed_2027_output_not_actual_transaction,no,not_estimated,no,candidate_for_public_document_review_not_cut,MX003,4,joint_Dakar_workshop_delivered_once,matched_in_purposive_sample,no,not_estimated,selected_2025_2026_official_sources_only_not_comprehensive_transaction_evidence,FTX010;FTX015,FTX010;FTX015,source_present_in_selected_sample,not_verified,not_estimated
UO04,UNOWAS/UNOCA,Field monitoring visits,20,20,mission,Add4 Table7 p18,https://docs.un.org/en/A/81/6%20%28Sect.%203%29/Add.4#page=18,Add4 Table35 p51,https://docs.un.org/en/A/81/6%20%28Sect.%203%29/Add.4#page=51,geographically_distinct,Match itinerary and reports,programmed_2027_output_not_actual_transaction,no,not_estimated,no,candidate_for_public_document_review_not_cut,MX001;MX002;MX008,4,joint_Nigeria_field_visit_delivered_once,matched_in_purposive_sample,no,not_estimated,selected_2025_2026_official_sources_only_not_comprehensive_transaction_evidence,FTX005;FTX011;FTX012;FTX015;FTX016,FTX005;FTX011;FTX012;FTX015;FTX016,source_present_in_selected_sample,not_verified,not_estimated
UO05,UNOWAS/UNOCA,Technical issue papers,6,not_reported,material,Add4 Table7 p17,https://docs.un.org/en/A/81/6%20%28Sect.%203%29/Add.4#page=17,Add4 Table35 p51,https://docs.un.org/en/A/81/6%20%28Sect.%203%29/Add.4#page=51,no_comparator,Compare actual titles,programmed_2027_output_not_actual_transaction,no,not_estimated,no,candidate_for_public_document_review_not_cut,MX004,2,UNOCA_lead_publication_with_joint_event,matched_in_purposive_sample,no,not_estimated,selected_2025_2026_official_sources_only_not_comprehensive_transaction_evidence,FTX009;FTX014,FTX009;FTX014,source_present_in_selected_sample,not_verified,not_estimated
UO06,UNOWAS/UNOCA,Ministerial committee meetings,not_reported,10,meeting,Add4 Table7 p18,https://docs.un.org/en/A/81/6%20%28Sect.%203%29/Add.4#page=18,Add4 Table35 p51,https://docs.un.org/en/A/81/6%20%28Sect.%203%29/Add.4#page=51,different_institutions,Match stakeholder group and preparation,programmed_2027_output_not_actual_transaction,no,not_estimated,no,candidate_for_public_document_review_not_cut,none_found_in_selected_sample,0,shared_forum_participation_not_mission_merger,not_found_in_purposive_sample_NOT_evidence_of_absence,no,not_estimated,selected_2025_2026_official_sources_only_not_comprehensive_transaction_evidence,none_in_new_curated_sample,none,unmatched_in_selected_sample_NOT_zero,not_verified,not_estimated
UO07,UNOWAS/UNOCA,Lake Chad and Gulf of Guinea analysis,unquantified,unquantified,product,Add4 para22 p14,https://docs.un.org/en/A/81/6%20%28Sect.%203%29/Add.4#page=14,Add4 Table35 p51,https://docs.un.org/en/A/81/6%20%28Sect.%203%29/Add.4#page=51,documented_coordination,Track reused inputs,programmed_2027_output_not_actual_transaction,no,not_estimated,no,candidate_for_public_document_review_not_cut,MX003;MX004;MX005;MX006;MX007;MX008;MX009;MX014,7,existing_crossregional_coordination,matched_in_purposive_sample,no,not_estimated,selected_2025_2026_official_sources_only_not_comprehensive_transaction_evidence,FTX005;FTX009;FTX014,FTX005;FTX009;FTX014,source_present_in_selected_sample,not_verified,not_estimated
UO08,UNOWAS/UNOCA,Digital public outreach,unquantified,unquantified,product,Add4 Table7 p18,https://docs.un.org/en/A/81/6%20%28Sect.%203%29/Add.4#page=18,Add4 Table35 p51,https://docs.un.org/en/A/81/6%20%28Sect.%203%29/Add.4#page=51,different_audiences,Match authored content and contracts,programmed_2027_output_not_actual_transaction,no,not_estimated,no,candidate_for_public_document_review_not_cut,none_found_in_selected_sample,0,not_matched_in_selected_source_sample,not_found_in_purposive_sample_NOT_evidence_of_absence,no,not_estimated,selected_2025_2026_official_sources_only_not_comprehensive_transaction_evidence,none_in_new_curated_sample,none,unmatched_in_selected_sample_NOT_zero,not_verified,not_estimated
UA01,UNAMA/UNRCCA,Security Council reports,4,not_reported,report,Add4 Table72 p117,https://docs.un.org/en/A/81/6%20%28Sect.%203%29/Add.4#page=117,Add4 Table14 p25,https://docs.un.org/en/A/81/6%20%28Sect.%203%29/Add.4#page=25,no_direct_comparator,Match Council document ID,programmed_2027_output_not_actual_transaction,no,not_estimated,no,candidate_for_public_document_review_not_cut,MX020;MX021;MX022,7,UNAMA_country_report_regional_report_not_matched,matched_in_purposive_sample,no,not_estimated,selected_2025_2026_official_sources_only_not_comprehensive_transaction_evidence,none_in_new_curated_sample,none,source_present_in_selected_sample,not_verified,not_estimated
UA02,UNAMA/UNRCCA,Security Council meeting support,4,2,meeting,Add4 Table72 p117,https://docs.un.org/en/A/81/6%20%28Sect.%203%29/Add.4#page=117,Add4 Table14 p25,https://docs.un.org/en/A/81/6%20%28Sect.%203%29/Add.4#page=25,distinct_countries,Match agenda and staff,programmed_2027_output_not_actual_transaction,no,not_estimated,no,candidate_for_public_document_review_not_cut,MX020;MX021,4,different_Council_and_regional_meetings,matched_in_purposive_sample,no,not_estimated,selected_2025_2026_official_sources_only_not_comprehensive_transaction_evidence,none_in_new_curated_sample,none,source_present_in_selected_sample,not_verified,not_estimated
UA03,UNAMA/UNRCCA,Training and seminar days,30,3,day,Add4 Table72 p117,https://docs.un.org/en/A/81/6%20%28Sect.%203%29/Add.4#page=117,Add4 Table14 p25,https://docs.un.org/en/A/81/6%20%28Sect.%203%29/Add.4#page=25,different_audience,Match curriculum and trainer,programmed_2027_output_not_actual_transaction,no,not_estimated,no,candidate_for_public_document_review_not_cut,MX015;MX016;MX019;MX022,5,existing_crossmission_training_delivery,matched_in_purposive_sample,no,not_estimated,selected_2025_2026_official_sources_only_not_comprehensive_transaction_evidence,FTX002;FTX003;FTX004;FTX006;FTX007;FTX008;FTX013;FTX017,FTX002;FTX003;FTX004;FTX006;FTX007;FTX008;FTX013,source_present_in_selected_sample,not_verified,not_estimated
UA04,UNAMA/UNRCCA,Human-rights awareness sessions,10,not_reported,day,Add4 Table72 p117,https://docs.un.org/en/A/81/6%20%28Sect.%203%29/Add.4#page=117,Add4 Table14 p25,https://docs.un.org/en/A/81/6%20%28Sect.%203%29/Add.4#page=25,distinct_country_mandate,Compare content not quantities,programmed_2027_output_not_actual_transaction,no,not_estimated,no,candidate_for_public_document_review_not_cut,none_found_in_selected_sample,0,not_matched_in_selected_source_sample,not_found_in_purposive_sample_NOT_evidence_of_absence,no,not_estimated,selected_2025_2026_official_sources_only_not_comprehensive_transaction_evidence,none_in_new_curated_sample,none,unmatched_in_selected_sample_NOT_zero,not_verified,not_estimated
UA05,UNAMA/UNRCCA,Afghan women consultation vs regional leadership,20,unquantified,day/activity,Add4 Table72 p117,https://docs.un.org/en/A/81/6%20%28Sect.%203%29/Add.4#page=117,Add4 paras49-52 pp22-23,https://docs.un.org/en/A/81/6%20%28Sect.%203%29/Add.4#page=22,different_participants,Keep separate recipients and safeguards,programmed_2027_output_not_actual_transaction,no,not_estimated,no,candidate_for_public_document_review_not_cut,MX015,1,not_matched_in_selected_source_sample,matched_in_purposive_sample,no,not_estimated,selected_2025_2026_official_sources_only_not_comprehensive_transaction_evidence,FTX006;FTX013,FTX006;FTX013,source_present_in_selected_sample,not_verified,not_estimated
UA06,UNAMA/UNRCCA,Human-rights thematic report,1,not_reported,material,Add4 Table72 p117,https://docs.un.org/en/A/81/6%20%28Sect.%203%29/Add.4#page=117,Add4 Table14 p25,https://docs.un.org/en/A/81/6%20%28Sect.%203%29/Add.4#page=25,distinct_legal_reporting,Match report identity,programmed_2027_output_not_actual_transaction,no,not_estimated,no,candidate_for_public_document_review_not_cut,none_found_in_selected_sample,0,not_matched_in_selected_source_sample,not_found_in_purposive_sample_NOT_evidence_of_absence,no,not_estimated,selected_2025_2026_official_sources_only_not_comprehensive_transaction_evidence,none_in_new_curated_sample,none,unmatched_in_selected_sample_NOT_zero,not_verified,not_estimated
UA07,UNAMA/UNRCCA,Afghanistan-related crossborder early-warning,unquantified,unquantified,product,Add4 UNAMA pp109-114,https://docs.un.org/en/A/81/6%20%28Sect.%203%29/Add.4#page=109,Add4 paras46 49 52 pp21-23,https://docs.un.org/en/A/81/6%20%28Sect.%203%29/Add.4#page=21,shared_data_inputs,Map sources and distinct outputs,programmed_2027_output_not_actual_transaction,no,not_estimated,no,candidate_for_public_document_review_not_cut,MX016;MX018,2,crossborder_information_coordination_no_text_identity,matched_in_purposive_sample,no,not_estimated,selected_2025_2026_official_sources_only_not_comprehensive_transaction_evidence,FTX008,FTX008,source_present_in_selected_sample,not_verified,not_estimated
UA08,UNAMA/UNRCCA,Good offices and consultation,unquantified,unquantified,intervention,Add4 Table72 p117,https://docs.un.org/en/A/81/6%20%28Sect.%203%29/Add.4#page=117,Add4 Table14 p25,https://docs.un.org/en/A/81/6%20%28Sect.%203%29/Add.4#page=25,separate_state_counterparts,Compare shared logistic needs,programmed_2027_output_not_actual_transaction,no,not_estimated,no,candidate_for_public_document_review_not_cut,MX017;MX018,2,shared_meeting_participation_not_joint_ownership,matched_in_purposive_sample,no,not_estimated,selected_2025_2026_official_sources_only_not_comprehensive_transaction_evidence,none_in_new_curated_sample,none,source_present_in_selected_sample,not_verified,not_estimated
DD01,DPPA/DPO regional desks,Security Council reports,50,21,documents,Section3 Table3.I.4 page16,https://docs.un.org/en/A/81/6%20%28Sect.%203%29#page=16,Section5 Table5.I.5 page11,https://docs.un.org/en/A/81/6%20%28Sect.%205%29#page=11,distinct_report_populations,"Match concrete output identifiers, producers, audiences and services",programmed_2027_output_not_actual_transaction,no,not_estimated,no,candidate_for_public_document_review_not_cut,none_found_in_selected_sample,0,joint_review_document_not_proof_reporting_count_duplicates,not_found_in_purposive_sample_NOT_evidence_of_absence,no,not_estimated,selected_2025_2026_official_sources_only_not_comprehensive_transaction_evidence,none_in_new_curated_sample,none,unmatched_in_selected_sample_NOT_zero,not_verified,not_estimated
DD02,DPPA/DPO regional desks,GA reports versus Council letters,16,10,documents,Section3 Table3.I.4 page16,https://docs.un.org/en/A/81/6%20%28Sect.%203%29#page=16,Section5 Table5.I.5 page11,https://docs.un.org/en/A/81/6%20%28Sect.%205%29#page=11,different_outputs,"Match concrete output identifiers, producers, audiences and services",programmed_2027_output_not_actual_transaction,no,not_estimated,no,candidate_for_public_document_review_not_cut,none_found_in_selected_sample,0,not_matched_in_selected_source_sample,not_found_in_purposive_sample_NOT_evidence_of_absence,no,not_estimated,selected_2025_2026_official_sources_only_not_comprehensive_transaction_evidence,none_in_new_curated_sample,none,unmatched_in_selected_sample_NOT_zero,not_verified,not_estimated
DD03,DPPA/DPO regional desks,Security Council meetings,80,34,meetings,Section3 Table3.I.4 page16,https://docs.un.org/en/A/81/6%20%28Sect.%203%29#page=16,Section5 Table5.I.5 page11,https://docs.un.org/en/A/81/6%20%28Sect.%205%29#page=11,shared_event_not_duplicate_work,"Match concrete output identifiers, producers, audiences and services",programmed_2027_output_not_actual_transaction,no,not_estimated,no,candidate_for_public_document_review_not_cut,MX025;MX026;MX027,3,single_joint_ASG_briefing_not_two_deliverables,matched_in_purposive_sample,no,not_estimated,selected_2025_2026_official_sources_only_not_comprehensive_transaction_evidence,none_in_new_curated_sample,none,source_present_in_selected_sample,not_verified,not_estimated
DD04,DPPA/DPO regional desks,Regional partners consulted,>24,5,organizations,Section3 Table3.I.4 page16,https://docs.un.org/en/A/81/6%20%28Sect.%203%29#page=16,Section5 Table5.I.5 page11,https://docs.un.org/en/A/81/6%20%28Sect.%205%29#page=11,different_operational_roles,"Match concrete output identifiers, producers, audiences and services",programmed_2027_output_not_actual_transaction,no,not_estimated,no,candidate_for_public_document_review_not_cut,none_found_in_selected_sample,0,not_matched_in_selected_source_sample,not_found_in_purposive_sample_NOT_evidence_of_absence,no,not_estimated,selected_2025_2026_official_sources_only_not_comprehensive_transaction_evidence,none_in_new_curated_sample,none,unmatched_in_selected_sample_NOT_zero,not_verified,not_estimated
DD05,DPPA/DPO regional desks,SPM mediation versus PK planning,~22,not_reported,missions,Section3 Table3.I.4 page16,https://docs.un.org/en/A/81/6%20%28Sect.%203%29#page=16,Section5 para5.I.16 page7,https://docs.un.org/en/A/81/6%20%28Sect.%205%29#page=7,complementary_mandate_recipients,"Match concrete output identifiers, producers, audiences and services",programmed_2027_output_not_actual_transaction,no,not_estimated,no,candidate_for_public_document_review_not_cut,MX023;MX024;MX036,6,one_joint_policy_review_and_Mission_Concept_guidance,matched_in_purposive_sample,no,not_estimated,selected_2025_2026_official_sources_only_not_comprehensive_transaction_evidence,none_in_new_curated_sample,none,source_present_in_selected_sample,not_verified,not_estimated
DD06,DPPA/DPO regional desks,Political versus operational data systems,unquantified,unquantified,systems,Section3 Table3.I.4 page16,https://docs.un.org/en/A/81/6%20%28Sect.%203%29#page=16,Section5 Table5.I.14 page27,https://docs.un.org/en/A/81/6%20%28Sect.%205%29#page=27,different_platform_functions,"Match concrete output identifiers, producers, audiences and services",programmed_2027_output_not_actual_transaction,no,not_estimated,no,candidate_for_public_document_review_not_cut,none_found_in_selected_sample,0,not_matched_in_selected_source_sample,not_found_in_purposive_sample_NOT_evidence_of_absence,no,not_estimated,selected_2025_2026_official_sources_only_not_comprehensive_transaction_evidence,FTX007,FTX007,source_present_in_selected_sample,not_verified,not_estimated
DD07,DPPA/DPO regional desks,Joint regional structure,documented,documented,organization,Section3 paras3.I.7-11 pages4-6,https://docs.un.org/en/A/81/6%20%28Sect.%203%29,Section5 paras5.I.4-9 pages4-5,https://docs.un.org/en/A/81/6%20%28Sect.%205%29,existing_collaborative_reform,"Match concrete output identifiers, producers, audiences and services",programmed_2027_output_not_actual_transaction,no,not_estimated,no,candidate_for_public_document_review_not_cut,MX023;MX024;MX025;MX026;MX027;MX028,9,existing_integrated_regional_staff_and_workflow,matched_in_purposive_sample,no,not_estimated,selected_2025_2026_official_sources_only_not_comprehensive_transaction_evidence,FTX001,FTX001,source_present_in_selected_sample,not_verified,not_estimated
DD08,DPPA/DPO regional desks,Council procedure and PK meetings,400,34,meetings,Section3 Table3.I.7 page25,https://docs.un.org/en/A/81/6%20%28Sect.%203%29#page=25,Section5 Table5.I.5 page11,https://docs.un.org/en/A/81/6%20%28Sect.%205%29#page=11,distinct_legal_functions,"Match concrete output identifiers, producers, audiences and services",programmed_2027_output_not_actual_transaction,no,not_estimated,no,candidate_for_public_document_review_not_cut,none_found_in_selected_sample,0,not_matched_in_selected_source_sample,not_found_in_purposive_sample_NOT_evidence_of_absence,no,not_estimated,selected_2025_2026_official_sources_only_not_comprehensive_transaction_evidence,none_in_new_curated_sample,none,unmatched_in_selected_sample_NOT_zero,not_verified,not_estimated
TR01,DPPA/DPO training,DPPA preventive diplomacy vs DPO policy training,150,360,days,S3 Table3.I.4 p16,https://docs.un.org/en/A/81/6%20%28Sect.%203%29#page=16,S5 Table5.I.14 p27,https://docs.un.org/en/A/81/6%20%28Sect.%205%29#page=27,different_training_mandates,"Match concrete output identifiers, producers, audiences and services",programmed_2027_output_not_actual_transaction,no,not_estimated,no,candidate_for_public_document_review_not_cut,MX016;MX024;MX029;MX030;MX031;MX032;MX033;MX034;MX036,9,coorganized_DPPA_UNSSC_UNRCCA_UNAMA_not_DPO_separate_training,matched_in_purposive_sample,no,not_estimated,selected_2025_2026_official_sources_only_not_comprehensive_transaction_evidence,none_in_new_curated_sample,none,source_present_in_selected_sample,not_verified,not_estimated
TR02,DPPA/DPO training,DPPA preventive diplomacy vs DPO military training,150,136,days,S3 Table3.I.4 p16,https://docs.un.org/en/A/81/6%20%28Sect.%203%29#page=16,S5 Table5.I.9 p15,https://docs.un.org/en/A/81/6%20%28Sect.%205%29#page=15,distinct_civil_military,"Match concrete output identifiers, producers, audiences and services",programmed_2027_output_not_actual_transaction,no,not_estimated,no,candidate_for_public_document_review_not_cut,none_found_in_selected_sample,0,not_matched_in_selected_source_sample,not_found_in_purposive_sample_NOT_evidence_of_absence,no,not_estimated,selected_2025_2026_official_sources_only_not_comprehensive_transaction_evidence,none_in_new_curated_sample,none,unmatched_in_selected_sample_NOT_zero,not_verified,not_estimated
TR03,DPPA/DPO training,DPPA vs DPO police and justice training,150,50,days,S3 Table3.I.4 p16,https://docs.un.org/en/A/81/6%20%28Sect.%203%29#page=16,S5 Table5.I.11 p21,https://docs.un.org/en/A/81/6%20%28Sect.%205%29#page=21,specialist_training,"Match concrete output identifiers, producers, audiences and services",programmed_2027_output_not_actual_transaction,no,not_estimated,no,candidate_for_public_document_review_not_cut,MX031;MX032,3,specialist_policing_training_distinct,matched_in_purposive_sample,no,not_estimated,selected_2025_2026_official_sources_only_not_comprehensive_transaction_evidence,none_in_new_curated_sample,none,source_present_in_selected_sample,not_verified,not_estimated
TR04,DPPA/DPO training,Preventive diplomacy vs training of trainers,150,312,days,S3 Table3.I.4 p16,https://docs.un.org/en/A/81/6%20%28Sect.%203%29#page=16,S5 Table5.I.14 p27,https://docs.un.org/en/A/81/6%20%28Sect.%205%29#page=27,common_methodology_only,"Match concrete output identifiers, producers, audiences and services",programmed_2027_output_not_actual_transaction,no,not_estimated,no,candidate_for_public_document_review_not_cut,MX029;MX033,3,curriculum_standardization_hypothesis_not_verified,matched_in_purposive_sample,no,not_estimated,selected_2025_2026_official_sources_only_not_comprehensive_transaction_evidence,FTX003;FTX007,FTX003;FTX007,source_present_in_selected_sample,not_verified,not_estimated
TR05,DPPA/DPO training,Political analysis vs military intelligence courses,150,16,days,S3 Table3.I.4 p16,https://docs.un.org/en/A/81/6%20%28Sect.%203%29#page=16,S5 Table5.I.9 p15,https://docs.un.org/en/A/81/6%20%28Sect.%205%29#page=15,different_information_sensitivity,"Match concrete output identifiers, producers, audiences and services",programmed_2027_output_not_actual_transaction,no,not_estimated,no,candidate_for_public_document_review_not_cut,MX030;MX035,3,shared_method_theme_different_trainees_and_mandates,matched_in_purposive_sample,no,not_estimated,selected_2025_2026_official_sources_only_not_comprehensive_transaction_evidence,FTX002,FTX002,source_present_in_selected_sample,not_verified,not_estimated
TR06,DPPA/DPO training,Mission thematic advisors courses,not_reported,7,days,S3 Table3.I.4 p16,https://docs.un.org/en/A/81/6%20%28Sect.%203%29#page=16,S5 Table5.I.14 p27,https://docs.un.org/en/A/81/6%20%28Sect.%205%29#page=27,potential_instructor_sharing,"Match concrete output identifiers, producers, audiences and services",programmed_2027_output_not_actual_transaction,no,not_estimated,no,candidate_for_public_document_review_not_cut,none_found_in_selected_sample,0,not_matched_in_selected_source_sample,not_found_in_purposive_sample_NOT_evidence_of_absence,no,not_estimated,selected_2025_2026_official_sources_only_not_comprehensive_transaction_evidence,none_in_new_curated_sample,none,unmatched_in_selected_sample_NOT_zero,not_verified,not_estimated
TR07,DPPA/DPO training,Council orientation vs police justice trainings,16,50,days,S3 Table3.I.7 p25,https://docs.un.org/en/A/81/6%20%28Sect.%203%29#page=25,S5 Table5.I.11 p21,https://docs.un.org/en/A/81/6%20%28Sect.%205%29#page=21,distinct_legal_roles,"Match concrete output identifiers, producers, audiences and services",programmed_2027_output_not_actual_transaction,no,not_estimated,no,candidate_for_public_document_review_not_cut,none_found_in_selected_sample,0,not_matched_in_selected_source_sample,not_found_in_purposive_sample_NOT_evidence_of_absence,no,not_estimated,selected_2025_2026_official_sources_only_not_comprehensive_transaction_evidence,none_in_new_curated_sample,none,unmatched_in_selected_sample_NOT_zero,not_verified,not_estimated
TR08,DPPA/DPO training,UNOWAS peace workshops vs DPO strategic communication,15,5,days,Add4 Table7 p17,https://docs.un.org/en/A/81/6%20%28Sect.%203%29/Add.4#page=17,S5 Table5.I.9 p15,https://docs.un.org/en/A/81/6%20%28Sect.%205%29#page=15,different_audiences,"Match concrete output identifiers, producers, audiences and services",programmed_2027_output_not_actual_transaction,no,not_estimated,no,candidate_for_public_document_review_not_cut,none_found_in_selected_sample,0,not_matched_in_selected_source_sample,not_found_in_purposive_sample_NOT_evidence_of_absence,no,not_estimated,selected_2025_2026_official_sources_only_not_comprehensive_transaction_evidence,none_in_new_curated_sample,none,unmatched_in_selected_sample_NOT_zero,not_verified,not_estimated
