"opportunity_id","short_title","parent_candidate_id","related_evidence_ids","decision_class","public_track","readiness_tier","qualitative_feasibility","mandate_risk","affected_entities","published_cost_scope_description","published_narrow_amount_usd","financial_stage","budget_calendar","source_anchor","public_source_url","public_work_package","requires_authorized_data_later","decision_authority_or_safeguard","date_trigger","incremental_net_savings_usd","does_this_support_a_cut","review_date"
"P001","UNIFIL–UNSCOL property and procurement","C12","SPML01","prebooked_efficiency_verification","now","T1","moderate","high","UNIFIL/UNSCOL","394000+36900+7200=438100","438100","2027_SG_estimated_efficiency_already_in_proposal","2027_calendar_SPM","Add.4 pp7–11 Table3; A/RES/80/282 paras12–15","https://docs.un.org/en/A/81/6%20%28Sect.%203%29/Add.4","Prepare asset-class handover and disposal/public tender inventory; separate booked avoided purchase from transfer costs","Certified asset receipt, canceled requisition and staff/security clearance","UNIFIL/UNSCOL property control; GA-mandated environmental and personnel-safety duties","2026-12-31_ops_end_with_drawdown","not_estimated","no_requires_decision_gates","2026-10-08"
"P002","BINUH–UNSOH aviation and broader support","C07","SPML02","prebooked_efficiency_verification","now","T1","moderate","high","BINUH/UNSOH","2027_aviation_reduction_distinct_from_broader_4000000_reimbursement","1400000","2027_SG_estimated_efficiency_already_in_proposal","2027_calendar_SPM","Add.4 pp107–109; S/2026/325 para40","https://docs.un.org/en/A/81/6%20%28Sect.%203%29/Add.4","Map aviation versus nonaviation service catalogue and public handover chronology","Service billing payable/receivable pairs, settlement and supplier/flight costs","UNSOH mission support; preserve BINUH mandated service continuity","service_reported_implemented_2026-02-01","not_estimated","no_requires_decision_gates","2026-10-08"
"P003","RSCE–Kuwait client charging perimeter","C16","SPML15","allocation_and_double_count_control","now","T1","high","moderate","RSCE/SPM/DOS","SPM_2027_share_3259100_vs_FY2026_27_RSCE_budget_45911600_nonadditive","3259100","2027_SPM_share_is_cost_allocation_not_efficiency","multiple_fiscal_periods","Add.1 pp13–15; A/C.5/80/20 Annex p3; A/80/643 paras195–196","https://docs.un.org/en/A/81/6%20%28Sect.%203%29/Add.1","Construct public-side client/funding/period map; isolate original KJSO client transfers","Approved rate denominator; unique RSCE client AP/AR; KJSO shutdown balances","DOS/RSCE; Secretariat and GA funding boundaries","shared_client_integration_2026","not_estimated","no_requires_decision_gates","2026-10-08"
"P004","UNISFA centralized translation","C19","GA_D08","ga_directed_control","now","T1","moderate","high","UNISFA/DPO","mission_translation_subline_not_identified","not_costed","2026_27_GA_review_request_no_costed_saving","2026_27_GA_approved","A/RES/80/275 para9 p2","https://docs.un.org/en/A/RES/80/275","Draft baseline operating model and alternatives for 2027/28; check publicly reported review follow-up","Workload by language and location; contracted interpretation rates; mandate and access checks","UNISFA leadership and GA budget approval; retain observer and safety coverage","next_2027_28_budget_submission","not_estimated","no_requires_decision_gates","2026-10-08"
"P005","UNISFA transferred and underused assets","C19","GA_D09;GA_D10","ga_directed_control","now","T1","moderate","high","UNISFA/MINUSMA/DOS","asset_purchase_and_transfer_subline_not_identified","not_costed","2026_27_GA_review_request_no_costed_saving","2026_27_GA_approved","A/RES/80/275 paras10–11 pp2–3","https://docs.un.org/en/A/RES/80/275","Build public GA asset-management compliance checklist; track old MINUSMA transfer claims","Tagged asset disposition, condition, utilization, procurement alternatives and authority","UNISFA/DOS; force-protection and inventory custody","next_2027_28_budget_submission","not_estimated","no_requires_decision_gates","2026-10-08"
"P006","RSCE staffing model versus establishment decisions","C16","WF01;WF09","workforce_baseline_control","now","T1","high","moderate","DOS/RSCE/SPM_clients","projected_net_plus_9_FTE_not_net_abolition","not_costed","FTE_model_is_not_staff_payroll_saving","2026_27_support_account","A/80/611 paras54–56; A/80/643 paras195–196","https://docs.un.org/en/A/80/643","Create approved-versus-proposed staffing schematic for 82/11/44/17 distinct movements","Post IDs actual establishment and end dates; service quality / workload proof","DOS HR; GA-approved establishment and reorganization","current_plan_2026_27","not_estimated","no_requires_decision_gates","2026-10-08"
"P007","UNSOS contractor fuel loss recovery","C08","GA_D15","ga_directed_control","now","T2","moderate","moderate","UNSOS/DOS","recovery_claim_amount_not_published_in_resolution","not_costed","GA_recovery_followup_not_a_saving","2026_27_GA_approved","A/RES/80/285 para4 p2","https://docs.un.org/en/A/RES/80/285","Record date and ownership of GA-requested contractor recovery follow-up; review subsequent public progress statements","Claims register, recovery entries, contractor settlement and enforcement obligations","UNSOS finance and GA oversight; creditor legal rights","next_2027_finance_report","not_estimated","no_requires_decision_gates","2026-10-08"
"P008","MONUSCO medical-insurance integrity","C07","GA_D02","ga_directed_control","now","T2","moderate","moderate","MONUSCO/DOS","irregular_claims_amount_not_reported_in_resolution","not_costed","GA_internal_control_not_a_cost_cut","2026_27_GA_approved","A/RES/80/278 para9 p2","https://docs.un.org/en/A/RES/80/278","Create public action log for irregular-claims recommendation; track reporting commitments","Case-level claims validation and recoveries; medical readiness constraints","MONUSCO controller; confidentiality and patient protection","next_2027_finance_report","not_estimated","no_requires_decision_gates","2026-10-08"
"P009","UNMISS previously approved civilian post removals","C15","GA_D13","preapproved_reduction_implementation","now","T2","moderate","high","UNMISS/DPO","91_approved_abolishments_including_53_electoral","not_costed","already_GA_approved_not_an_additional_cut","2026_27_GA_approved","A/RES/80/283 para9 and annex pp4–6","https://docs.un.org/en/A/RES/80/283","Map abolished functions to remaining public budget deliverables; maintain an audit trail of baseline reductions","Unique post/position IDs, separations/transition costs and outputs after removal","UNMISS GA/DPO Security Council protection/electoral mandates","2026_27_approved_budget_baseline","not_estimated","no_requires_decision_gates","2026-10-08"
"P010","Cameroon–Nigeria Commission shared UNOWAS facilities","C16","SPML10","process_redesign_investigation","now","T2","high","moderate","UNOWAS/CNMC","whole_mission_proposal_not_addressable_expense","not_costed","existing_colocation_not_savings","2027_calendar_SPM","A/81/6 (Sect. 3)/Add.4 para78 p30","https://docs.un.org/en/A/81/6%20%28Sect.%203%29/Add.4","Map shared office and chair functions; identify any genuinely parallel public administrative products","Allocation contracts, service utilization, distinct legal and border tasks","UNOWAS/CNMC and Cameroon/Nigeria counterparts; border-mandate obligations","no_named_deadline","not_estimated","no_requires_decision_gates","2026-10-08"
"P011","UNOWAS–UNOCA transregional reporting","C09","SPML09","process_redesign_investigation","now","T3","moderate","moderate","UNOWAS/UNOCA","not_separately_priced","not_costed","related_activity_not_proven_duplicate","2027_calendar_SPM","A/81/6 (Sect. 3)/Add.4 para22 p14","https://docs.un.org/en/A/81/6%20%28Sect.%203%29/Add.4","Compare publicly available issues and report catalogs for Gulf of Guinea/Lake Chad duplicated analytical work","Underlying author rosters access rights and reporting audiences","Both SRSGs; preserve country/partner mandates","no_named_deadline","not_estimated","no_requires_decision_gates","2026-10-08"
"P012","UNAMA–Central Asia centre regional early warning","C02","SPML11","process_redesign_investigation","now","T3","moderate","high","UNAMA/UNRCCA","not_separately_priced","not_costed","coordination_not_proven_duplicate","2027_calendar_SPM","A/81/6 (Sect. 3)/Add.4 paras49 and52 pp22–23","https://docs.un.org/en/A/81/6%20%28Sect.%203%29/Add.4","Compare overlapping public early-warning and regional workshop outputs without removing country missions","Source security rules and approved report/workload obligations","UNAMA/UNRCCA leadership; civil protection and security","no_named_deadline","not_estimated","no_requires_decision_gates","2026-10-08"
"P013","Joint DPPA–DPO regional political-operational desks","C01","CW001;CW002","process_redesign_investigation","now","T3","moderate","high","DPPA/DPO","DPO_support_account_slice_10196100_is_not_duplicated_cost","not_costed","combined_unit_component_fund_scope_only","2026_27_DPO_SG_support","A/80/631 p44; Section3 and Section5 proposed 2027 organigrams","https://docs.un.org/en/A/80/631","Compare public organigram and jointly issued product/workflow descriptions before requesting HR records","Position-level time/cost IDs and delegated authorities","Joint bureau leadership; SC mandated readiness","no_named_deadline","not_estimated","no_requires_decision_gates","2026-10-08"
"P014","DPPA–DPO training calendar and procurement","C04","CW016;CW019","process_redesign_investigation","now","T3","moderate","high","DPPA/DPO","DPO_policy_training_division_14142800_includes_unrelated_functions","not_costed","full_division_not_a_savings_ceiling","2026_27_DPO_SG_support","A/80/631 p44 and A/81/6 (Sect. 5) pp22–27","https://docs.un.org/en/A/80/631","Compare curricula venues and learner populations in existing published training products","Course cost invoices contracts and mandated safety competencies","DPO military/police readiness and DPPA political training","no_named_deadline","not_estimated","no_requires_decision_gates","2026-10-08"
"P015","SPM shared electronic subscriptions","C05","EFF003","prebooked_efficiency_monitor","watch","T4","high","low","Great_Lakes_SPM/Dag_Hammarskjold_Library","2027_estimated_15000","15000","already_in_2027_SPM_efficiencies","2027_calendar_SPM","A/81/6 (Sect. 3)/Add.2 p8 Table3","https://docs.un.org/en/A/81/6%20%28Sect.%203%29/Add.2","Document existing cross-UN library sharing as reusable policy example","Actual licencing cost/vendor coverage needed for wider estimate","UN Library information services","2027_implementation","not_estimated","no_requires_decision_gates","2026-10-08"
"P016","UNSMIL Tripoli facility contract restructuring","C07","EFF018","prebooked_efficiency_monitor","watch","T4","moderate","moderate","UNSMIL/DOS","2027_estimated_2630000","2630000","already_in_2027_SPM_efficiencies","2027_calendar_SPM","A/81/6 (Sect. 3)/Add.4 p9 Table3","https://docs.un.org/en/A/81/6%20%28Sect.%203%29/Add.4","Compare planned facility footprint and contract narrative to earlier published performance","Vendor executed rates, unspent liabilities, and security protections","UNSMIL compound security","2027_implementation","not_estimated","no_requires_decision_gates","2026-10-08"
"P017","Colombia mission aviation fleet consolidation","C07","EFF020","prebooked_efficiency_monitor","watch","T4","moderate","high","Colombia_Verification_Mission/DOS","2027_estimated_1605700","1605700","already_in_2027_SPM_efficiencies","2027_calendar_SPM","A/81/6 (Sect. 3)/Add.4 p10 Table3","https://docs.un.org/en/A/81/6%20%28Sect.%203%29/Add.4","Compare flight-hour estimates and service coverage after planned aircraft retirement","Actual supplier costs and casualty evacuation coverage","Verification mission access/safety","2027_implementation","not_estimated","no_requires_decision_gates","2026-10-08"
"P018","Sanctions-delisting independence protection","C17","SPML13","negative_control","negative","T0","not_applicable","critical","Sanctions_panels/Ombudsperson","separate_due_process_mandates","not_costed","do_not_merge_mandated_decision_functions","2027_calendar_SPM","A/81/6 (Sect. 3)/Add.3 sanctions and delisting sections","https://docs.un.org/en/A/81/6%20%28Sect.%203%29/Add.3","Record sanctions investigation versus due-process safeguards as a negative control","No joint substantive decision-making allowed merely due to common data","UN Security Council sanctions and fair process","standing_legal_guardrail","not_estimated","no_requires_decision_gates","2026-10-08"
