"finance_id","description","amount_usd_thousands","reporting_period","funding_status","inclusion_type","source_anchor","source_url","guardrail"
"SPM27_TOTAL","SPM 2027 net regular-budget request incl. RSCE","422671","calendar_2027","SG_proposed","control_total","Add.1 p32 Table4","https://docs.un.org/en/A/81/6%20%28Sect.%203%29/Add.1","not_GA_approved"
"SPM27_C1","SPM Cluster I 2027","56331.2","calendar_2027","SG_proposed","control_component","Add.2 p4 Table1","https://docs.un.org/en/A/81/6%20%28Sect.%203%29/Add.2","included_in_SPM27_TOTAL"
"SPM27_C2","SPM Cluster II 2027","37726.8","calendar_2027","SG_proposed","control_component","Add.3 p4 Table1","https://docs.un.org/en/A/81/6%20%28Sect.%203%29/Add.3","included_in_SPM27_TOTAL"
"SPM27_C3","SPM Cluster III 2027","325353.9","calendar_2027","SG_proposed","control_component","Add.4 p4 Table1","https://docs.un.org/en/A/81/6%20%28Sect.%203%29/Add.4","included_in_SPM27_TOTAL"
"SPM27_RSCE","SPM proposed RSCE share 2027","3259.1","calendar_2027","SG_proposed","control_component","Add.1 p32 Table4","https://docs.un.org/en/A/81/6%20%28Sect.%203%29/Add.1","shared_cost_in_SPM27_TOTAL"
"SPM26_TOTAL","SPM 2026 approved total","536145","calendar_2026","GA_approved","control_total","Add.1 p32 Table4","https://docs.un.org/en/A/81/6%20%28Sect.%203%29/Add.1","different_period_than_SPM27_TOTAL"
"SPM26_CONT","2026 continuing SPM mission budgets","412348.9","calendar_2026","GA_approved","control_component","Add.1 p32 Table4","https://docs.un.org/en/A/81/6%20%28Sect.%203%29/Add.1","part_of_SPM26_TOTAL"
"SPM26_CLOSURES","2026 budgets UNAMI UNTMIS UNMHA closures","121473.1","calendar_2026","GA_approved","control_component","Add.1 p32 Table4","https://docs.un.org/en/A/81/6%20%28Sect.%203%29/Add.1","mandated_closure_not_new_saving"
"SPM26_RSCE","2026 RSCE client funding","2323","calendar_2026","GA_approved","control_component","Add.1 p32 Table4","https://docs.un.org/en/A/81/6%20%28Sect.%203%29/Add.1","part_of_SPM26_TOTAL"
"SPM27_EFF","SPM 2027 efficiency estimates embedded in proposal","14692.5","calendar_2027","SG_proposed","memo_only_nonadditive","Add.2 p8; Add.3 p7; Add.4 pp9–11","https://docs.un.org/en/A/81/6%20%28Sect.%203%29/Add.4","not_additional_saving"
"SPM27_EFF_UF","UNIFIL asset transfers embedded (aggregate)","438.1","calendar_2027","SG_proposed","memo_component","Add.4 pp9-10 Table3","https://docs.un.org/en/A/81/6%20%28Sect.%203%29/Add.4","sum_of_three_asset_categories"
"SPM27_EFF_BINUH","BINUH uses UNSOH aviation","1400","calendar_2027","SG_proposed","memo_component","Add.4 p10 Table3","https://docs.un.org/en/A/81/6%20%28Sect.%203%29/Add.4","prebooked_avoidance_not_actual"
"SPM27_EFF_UNSMIL","UNSMIL Tripoli compound contract","2630","calendar_2027","SG_proposed","memo_component","Add.4 p9 Table3","https://docs.un.org/en/A/81/6%20%28Sect.%203%29/Add.4","prebooked_avoidance_not_actual"
"SPM27_EFF_OTHER","Other separately documented efficiency entries","10224.4","calendar_2027","derived_memo","memo_component","From 31-row efficiency register","https://github.com/LystadJS/UN-Peace-Operations-Efficiency/blob/main/data/spm_2027_embedded_efficiencies.csv","difference_for_control_not_new_estimate"
"SPM27_EFF_UF_V","UNIFIL vehicles to UNSCOL","394","calendar_2027","SG_proposed","memo_subcomponent","Add.4 p9 Table3","https://docs.un.org/en/A/81/6%20%28Sect.%203%29/Add.4","prebooked_part_of_438_1"
"SPM27_EFF_UF_IT","UNIFIL IT to UNSCOL","36.9","calendar_2027","SG_proposed","memo_subcomponent","Add.4 p10 Table3","https://docs.un.org/en/A/81/6%20%28Sect.%203%29/Add.4","prebooked_part_of_438_1"
"SPM27_EFF_UF_R","UNIFIL rations to UNSCOL","7.2","calendar_2027","SG_proposed","memo_subcomponent","Add.4 p10 Table3","https://docs.un.org/en/A/81/6%20%28Sect.%203%29/Add.4","prebooked_part_of_438_1"
"BINUH27_BROAD","BINUH 2027 reimbursement to UNSOH broad support","4000","calendar_2027","SG_proposed","expense_transfer_not_saving","Add.4 p109","https://docs.un.org/en/A/81/6%20%28Sect.%203%29/Add.4","not_comparable_with_aviation_only_reduction"
"RSCE_FY_TOTAL","RSCE 2026/27 GA approved total","45911.6","2026-07_to_2027-06","GA_approved","control_total","A/C.5/80/20 Annex p3","https://docs.un.org/en/A/C.5/80/20","different_period_and_population_from_SPM27_RSCE"
"RSCE_FY_MIXED","RSCE 2026/27 mixed-client share","3443.2","2026-07_to_2027-06","GA_approved","included_component","A/C.5/80/20 p3 fn a","https://docs.un.org/en/A/C.5/80/20","includes_SPMs_and_observer_entities"
"GA6_FY_INCLUSIVE","Six reviewed peacekeeping GA-inclusive budget total","4442119.4","2026-07_to_2027-06","GA_approved","control_total","Six A/RES/80 financing resolutions; A/C.5/80/20","https://docs.un.org/en/A/C.5/80/20","already_includes_support_UNLB_RSCE"
"GA6_FY_MAINT","Six reviewed GA mission-maintenance budget total","4028188","2026-07_to_2027-06","GA_approved","control_component","A/C.5/80/20 Annex pp2-3","https://docs.un.org/en/A/C.5/80/20","included_in_GA6_FY_INCLUSIVE"
"GA6_FY_CORP","Six mission support-account UNLB RSCE shares","413931.4","2026-07_to_2027-06","GA_approved","derived_component","Derived by approved inclusive minus maintenance","https://docs.un.org/en/A/C.5/80/20","part_of_GA6_FY_INCLUSIVE"
"DPO27_SUPPORT","DPO support account proposed unit funding","95464.1","calendar_2027_dept_vs_support_FY2026_27","SG_proposed","duplicate_disclosure","A/80/631 p44","https://docs.un.org/en/A/80/631","not_extra_beyond_other_assessed_DPO"
