"match_id","comparison_family","canonical_activity_ids","output_grain","observed_relationship","period_start","period_end","supporting_source_ids","original_2027_crosswalk_ids","evidence_based_finding","joint_activity_or_reuse_documented","reusability_interpretation","evidence_confidence_qualitative","concrete_next_validation","no_duplicate_cost_guardrail","separately_paid_duplicate_work_found","duplicate_cost_usd","incremental_net_savings_usd","retrospective_sampling_status","source_review_date"
"MX001","UNOWAS_UNOCA","EV001;EV010;EV011","field_visit","joint_delivery_confirmed","2025-01-27","2025-01-31","SRC003;SRC005;SRC006","UO04","Both regional SRSGs undertook the same Nigeria field visit 27–31 Jan and discussed Borno/Bama; both SG reports refer to one mission.","yes","one_joint_mission_existing","high","No additional joint tour recommendation; compare per-office trip allocations and single field brief.","joint_field_event_must_not_be_counted_twice","no","not_estimated","not_estimated","selected_purposive_2025_2026_examples_not_complete_population","2026-10-08"
"MX002","UNOWAS_UNOCA","EV002;EV001","meeting","nested_activity_same_event_chain","2025-01-29","2025-01-31","SRC003;SRC005;SRC006","UO04","Governors Forum 29–31 Jan was attended as part of 27–31 Jan joint Nigeria trip, not a second separate field visit.","yes","nested_no_double_count","high","Retain forum as an event deliverable but do not count extra international mission.","regional_forum_and_trip_distinct_grains","no","not_estimated","not_estimated","selected_purposive_2025_2026_examples_not_complete_population","2026-10-08"
"MX003","UNOWAS_UNOCA","EV003;EV010;EV011","training_workshop","joint_delivery_confirmed","2025-02-26","2025-02-27","SRC005;SRC006;SRC007;SRC008","UO03;UO07","Both official SG reports explicitly describe one jointly organized Dakar farmer-herder workshop; same participant groups and community-of-practice plan.","yes","shared_workshop_existing","high","Check whether one venue purchase/event budget was shared; suppress duplicate workshop counts.","source_mentions_are_not_duplicate_workshops","no","not_estimated","not_estimated","selected_purposive_2025_2026_examples_not_complete_population","2026-10-08"
"MX004","UNOWAS_UNOCA","EV003;EV004","publication","joint_event_distinct_artifact","2025-02-27","2025-02-27","SRC005;SRC007","UO05;UO07","UNOCA compiled best-practice collection issued at joint Dakar event; workshop and publication are different deliverables.","yes","publication_reuse_confirmed_in_joint_event","high","Map publication ownership and downstream reuse; do not label single UNOCA compilation double writing.","unique_publication_vs_joint_event","no","not_estimated","not_estimated","selected_purposive_2025_2026_examples_not_complete_population","2026-10-08"
"MX005","UNOWAS_UNOCA","EV005","meeting","joint_coordination_confirmed","2025-02-17","2025-02-17","SRC005","UO07","UNOCA convened one women-peace-security video exchange with UNOWAS and Great Lakes Special Envoy.","yes","existing_knowledge_exchange","medium","Compare subsequent products, not meeting attendance as duplicate role.","joint_participation_not_joint_cost","no","not_estimated","not_estimated","selected_purposive_2025_2026_examples_not_complete_population","2026-10-08"
"MX006","UNOWAS_UNOCA","EV006","meeting","joint_coordination_confirmed","2025-04-08","2025-04-08","SRC005","UO07","UNOCA report records one online UNOCA–UNOWAS meeting discussing climate, transhumance, maritime security and Lake Chad.","yes","existing_desk_exchange","medium","Identify any documented jointly issued analyses; no identical output yet.","shared_inputs_different_regional_reports","no","not_estimated","not_estimated","selected_purposive_2025_2026_examples_not_complete_population","2026-10-08"
"MX007","UNOWAS_UNOCA","EV007","meeting","joint_coordination_confirmed","2025-10-30","2025-10-30","SRC009","UO07","S/2025/772 paragraph 65 describes joint review of 2025 UNOWAS–UNOCA activities.","yes","existing_joint_review","medium","Obtain common follow-up action list and distinct regional implementation reports.","one_review_not_proof_shared_staffing","no","not_estimated","not_estimated","selected_purposive_2025_2026_examples_not_complete_population","2026-10-08"
"MX008","UNOWAS_UNOCA","EV008","field_visit","joint_participation_documented","2025-12-07","2025-12-12","SRC013","UO04;UO07","One UNSC climate expert Chad visit included climate security advisers from both regional offices plus DPPA–DPO regional staff.","yes","shared_field_input_not_joint_UN_organizers","high","Test shared mission assessment memo and participant time; council group was visit lead.","avoid_misclassifying_UN_offices_as_conveners","no","not_estimated","not_estimated","selected_purposive_2025_2026_examples_not_complete_population","2026-10-08"
"MX009","UNOWAS_UNOCA","EV009;EV014","meeting","joint_coordination_confirmed","2026-04-28","2026-04-28","SRC011","UO07","S/2026/445 paragraph 65 records direct UNOCA/UNOWAS desk-to-desk discussion on overlapping transregional issues.","yes","existing_analytical_exchange","high","Look for one common source packet and two distinct subregional outputs.","shared_briefing_input_not_identical_mandates","no","not_estimated","not_estimated","selected_purposive_2025_2026_examples_not_complete_population","2026-10-08"
"MX010","UNOWAS_UNOCA","EV010;EV011","security_council_report","same_inputs_two_distinct_reports","2025-03-26","2025-05-30","SRC006;SRC005;SRC001","UO01","S/2025/187 and S/2025/342 use different report symbols and reporting jurisdictions but both describe 26–27 Feb joint Dakar workshop.","yes","common_source_event_confirmed_distinct_final_reports","high","Deduplicate event mention by canonical ID; retain two Council reports due distinct mandate recipients.","do_not_treat_two_report_symbols_as_one_deliverable","no","not_estimated","not_estimated","selected_purposive_2025_2026_examples_not_complete_population","2026-10-08"
"MX011","UNOWAS_UNOCA","EV012;EV013","security_council_report","two_distinct_mandated_products","2025-11-28","2025-11-28","SRC001;SRC009;SRC010","UO01","S/2025/771 (UNOWAS) and S/2025/772 (UNOCA) issued same day but remain separate unique Council reports.","no","same_issue_day_not_same_document","high","Compare shared Lake Chad evidence passages only after paragraph-level matched content, not symbol/date matching.","separate_2025_reporting_mandates","no","not_estimated","not_estimated","selected_purposive_2025_2026_examples_not_complete_population","2026-10-08"
"MX012","UNOWAS_UNOCA","EV014;EV015","security_council_report","two_distinct_mandated_products","2026-05-29","2026-06-30","SRC002;SRC011;SRC012","UO01","S/2026/445 and S/2026/537 are separate UNOCA and UNOWAS reports on different dates.","no","distinct_report_symbols","high","Look for repeated reference paragraph rather than assume same output.","geography_report_grain","no","not_estimated","not_estimated","selected_purposive_2025_2026_examples_not_complete_population","2026-10-08"
"MX013","UNOWAS_UNOCA","EV016;EV017","security_council_briefing","two_distinct_mandated_products","2025-12-11","2025-12-18","SRC014;SRC015;SRC016;SRC039","UO02","UNOCA briefed Council 11 Dec (S/PV.10060), UNOWAS 18 Dec (S/PV.10073): different speakers, meetings, agendas.","no","distinct_council_meetings","high","If shared source notes exist, distinguish reusable preparation from mandatory separate briefings.","separate_Council_meeting_legal_outputs","no","not_estimated","not_estimated","selected_purposive_2025_2026_examples_not_complete_population","2026-10-08"
"MX014","UNOWAS_UNOCA","EV006;EV009","meeting","similar_function_two_real_meetings","2025-04-08","2026-04-28","SRC005;SRC011","UO07","Annual desk meetings on recurring transregional issues are separate calendar events; regular coordination already exists.","no","same_meeting_type_different_dates","high","Standardize one issue tracker/templates rather than eliminate recurrent coordination meetings.","not_duplicate_event","no","not_estimated","not_estimated","selected_purposive_2025_2026_examples_not_complete_population","2026-10-08"
"MX015","UNAMA_UNRCCA","EV018","training_workshop","joint_delivery_confirmed","2025-04-22","2025-04-22","SRC017","UA03;UA05","UNRCCA hosted one Academy session in cooperation with UNAMA, with presenters from both.","yes","existing_shared_training_delivery","high","Test shared teaching resources and one set of event/admin costs; preserve youth Afghanistan remit.","one_training_event","no","not_estimated","not_estimated","selected_purposive_2025_2026_examples_not_complete_population","2026-10-08"
"MX016","UNAMA_UNRCCA","EV020","training_workshop","joint_delivery_confirmed","2026-02-17","2026-02-19","SRC018","UA03;UA07;TR01","DPPA and UNSSC organized one climate workshop, UNRCCA hosted and UNAMA cooperated/participated; 30 attendees.","yes","existing_crossmission_training_collaboration","high","Reuse crossborder case materials, compare tuition/venue costs; do not claim DPO independently organized.","specified_actor_roles_protect_classification","no","not_estimated","not_estimated","selected_purposive_2025_2026_examples_not_complete_population","2026-10-08"
"MX017","UNAMA_UNRCCA","EV019","meeting","participation_not_joint_delivery","2025-11-27","2025-11-28","SRC019","UA08","UNRCCA convened Central Asian deputy ministers, and UNAMA acting SRSG participated.","no","existing_regional_engagement","high","Share briefing notes while keeping host and participant mandates distinct.","participating_does_not_equal_cohost","no","not_estimated","not_estimated","selected_purposive_2025_2026_examples_not_complete_population","2026-10-08"
"MX018","UNAMA_UNRCCA","EV021","meeting","participation_not_joint_delivery","2026-06-15","2026-06-15","SRC020","UA07;UA08","Kazakhstan hosted EU/Central Asia envoys forum on Afghanistan with UNRCCA and UNAMA representatives.","no","shared_forum_not_joint_UN_delivery","high","Use common Afghanistan brief if authorized, do not assert UNAMA co-organized the external forum.","not_UN_owned_deliverable","no","not_estimated","not_estimated","selected_purposive_2025_2026_examples_not_complete_population","2026-10-08"
"MX019","UNAMA_UNRCCA","EV022","training_workshop","participation_not_joint_delivery","2025-09-15","2025-09-19","SRC021","UA03","UNRCCA and UNOCT organized Termez counterterrorism early warning training; UNAMA attended.","no","distinct_organizer_and_participant","high","Do not count course as UNAMA-organized workshop.","avoid_training_misattribution","no","not_estimated","not_estimated","selected_purposive_2025_2026_examples_not_complete_population","2026-10-08"
"MX020","UNAMA_UNRCCA","EV023;EV025","security_council_report","report_feeds_distinct_council_briefing","2025-12-03","2025-12-10","SRC001;SRC022;SRC041","UA01;UA02","UNAMA Afghanistan SG report S/2025/789 and Afghanistan briefing S/PV.10058 are two linked reporting formats, not duplicate mandate products.","yes","report_as_input_to_briefing_not_duplicate_deliverable","medium","Trace same facts to briefing after verifying actual text, preserve separate Council records.","source_to_briefing_relation_inferred_from_agenda_dates","no","not_estimated","not_estimated","selected_purposive_2025_2026_examples_not_complete_population","2026-10-08"
"MX021","UNAMA_UNRCCA","EV023;EV019","security_council_report","two_distinct_mandated_products","2025-11-27","2025-12-03","SRC019;SRC022;SRC001","UA01;UA02","UNAMA country SG report and UNRCCA deputy ministers meeting are different products and recipients.","no","common_Afghanistan_topic_not_same_product","high","Compare data source lineage only, not report counts.","UNRCCA_meeting_not_an_SG_report","no","not_estimated","not_estimated","selected_purposive_2025_2026_examples_not_complete_population","2026-10-08"
"MX022","UNAMA_UNRCCA","EV024;EV020","security_council_report","different_product_types_same_time_window","2026-02-17","2026-02-27","SRC018;SRC023;SRC002","UA01;UA03","Feb climate capacity workshop and SG Afghanistan report are distinct; no actual shared text demonstrated.","no","topic_overlap_no_verifiable_document_reuse","high","Inspect UNAMA report references for shared climate training case studies before attributing reuse.","calendar_overlap_not_identity","no","not_estimated","not_estimated","selected_purposive_2025_2026_examples_not_complete_population","2026-10-08"
"MX023","DPPA_DPO_REGIONAL","EV026;EV028","joint_policy_process","joint_process_multiple_stages","2025-05-27","2026-07-22","SRC027;SRC028;SRC038","DD07;DD05","DPPA/DPO jointly held GA consultation in 2025 and jointly led review resulting in one SG report A/80/798-S/2026/600.","yes","one_joint_review_process","high","Link consultation submissions to final report; separate production phases.","single_joint_report_not_two_independent_reports","no","not_estimated","not_estimated","selected_purposive_2025_2026_examples_not_complete_population","2026-10-08"
"MX024","DPPA_DPO_REGIONAL","EV027","joint_guidance","joint_product_confirmed","2025-04-01","2025-04-30","SRC029;SRC030","DD05;DD07;TR01","DPO/DPPA/DOS endorsed one 2025 Mission Concept and Mission Plan guidance, confirmed by later OIOS audit.","yes","shared_methodological_product_already_issued","high","Standardize crossmission implementation; never count the joint guidance three times.","already_joint_policy_not_new_merger","no","not_estimated","not_estimated","selected_purposive_2025_2026_examples_not_complete_population","2026-10-08"
"MX025","DPPA_DPO_REGIONAL","EV029","security_council_briefing","single_integrated_staff_output","2025-07-02","2025-07-02","SRC024","DD03;DD07","One Haiti SC briefing delivered by ASG publicly titled as both DPPA and DPO regional leadership.","yes","shared_regional_staff_product","high","Attribute one briefing to joint desk, not two separately funded briefings.","joint_person_title_not_proof_of_work_distribution","no","not_estimated","not_estimated","selected_purposive_2025_2026_examples_not_complete_population","2026-10-08"
"MX026","DPPA_DPO_REGIONAL","EV030","security_council_briefing","single_integrated_staff_output","2025-08-01","2025-08-01","SRC025","DD03;DD07","One Ukraine SC briefing by ASG Jenča in the joint DPPA-DPO regional structure.","yes","shared_regional_staff_product","high","Do not count a joint ASG title as proof of separate DPPA and DPO costs.","one_delivery","no","not_estimated","not_estimated","selected_purposive_2025_2026_examples_not_complete_population","2026-10-08"
"MX027","DPPA_DPO_REGIONAL","EV031","security_council_briefing","single_integrated_staff_output","2026-04-28","2026-04-28","SRC026","DD03;DD07","S/PV.10146 records one Council briefing by ASG Khaled Khiari DPPA-DPO.","yes","shared_regional_staff_product","high","One Council speaker/event; count separate procedural Council support only when justified.","same_meeting_one_speaker","no","not_estimated","not_estimated","selected_purposive_2025_2026_examples_not_complete_population","2026-10-08"
"MX028","DPPA_DPO_REGIONAL","EV032","staffing_structural","shared_office_confirmed_not_work_output","2025-03-05","2025-03-18","SRC037","DD07","Joint DPPA–DPO Americas Division Haiti Team issued one P4 temporary job posting.","yes","existing_joint_staff_structure","high","Use as proof shared unit exists, not proof staffing expenditure duplicated.","vacancy_not_filled_position","no","not_estimated","not_estimated","selected_purposive_2025_2026_examples_not_complete_population","2026-10-08"
"MX029","TRAINING_COMPARISON","EV033;EV034","training_workshop","similar_curriculum_distinct_cohorts","2025-07-21","2025-07-25","SRC034;SRC035","TR01;TR04","UNOCT/UNRCCA Tashkent and Astana OSINT-AI training address similar early warning but different state cohorts and dates.","no","candidate_curriculum_reuse_unverified","high","Compare actual slide deck trainer contracts and course IDs; do not merge attendees.","repeated_course_can_be_necessary","no","not_estimated","not_estimated","selected_purposive_2025_2026_examples_not_complete_population","2026-10-08"
"MX030","TRAINING_COMPARISON","EV033;EV035","training_workshop","topic_similarity_distinct_audiences","2025-07-21","2025-12-05","SRC034;SRC031","TR01;TR05","UNOCT/UNRCCA external counterterrorism OSINT course versus DPPA internal E-Analytics and social media course.","no","similar_methodology_not_shared_course","high","Optional common tool license/vendor syllabus fragments, not substantive qualification merger.","DPO_not_named_organizer_EAnalytics","no","not_estimated","not_estimated","selected_purposive_2025_2026_examples_not_complete_population","2026-10-08"
"MX031","TRAINING_COMPARISON","EV036;EV037","training_resource","topic_similarity_distinct_audiences","2025-06-01","2025-08-31","SRC032;SRC033","TR01;TR03","UNMISS/UNPOL climate-security policing syllabus versus DPPA-PBSO/UNSSC programming-design workshop both climate themed but different learners/objectives.","no","distinct_field_vs_programming_training","high","Test reuse of general CPS glossary only; protect police readiness and state engagement.","specialized_training_mandates","no","not_estimated","not_estimated","selected_purposive_2025_2026_examples_not_complete_population","2026-10-08"
"MX032","TRAINING_COMPARISON","EV020;EV036","training_resource","topic_similarity_distinct_audiences","2025-08-01","2026-02-19","SRC018;SRC032","TR01;TR03","Ashgabat staff climate-risk workshop and UNMISS police patrol/protection syllabus share CPS theme but no common course IDs.","no","general_curriculum_reuse_possible_not_verified","high","Compare climate toolkits not protected tactical modules.","differing_field_and_regional_mandates","no","not_estimated","not_estimated","selected_purposive_2025_2026_examples_not_complete_population","2026-10-08"
"MX033","TRAINING_COMPARISON","EV035","training_workshop","participation_not_joint_delivery","2025-12-02","2025-12-05","SRC031","TR01;TR04","DPPA Innovation Cell/QCRI delivered E-Analytics; attendee from joint DPPA-DPO Americas Division does not make DPO a co-organizer.","no","single_course_attendee_from_shared_structure","high","Distinguish organizer funding from attendee's employing unit.","do_not_invent_joint_training_budget","no","not_estimated","not_estimated","selected_purposive_2025_2026_examples_not_complete_population","2026-10-08"
"MX034","TRAINING_COMPARISON","EV038","practice_note","temporal_exclusion","2024-10-01","2024-10-31","SRC036","TR01","Gabon joint DPPA/DPO/UNOCA/UNSSC workshop was in October 2024; practice note published in April 2025.","no","outside_period_publication_not_activity","high","Do not count 2024 workshop in 2025–26 event totals.","publication_year_is_not_event_year","no","not_estimated","not_estimated","excluded_2024_event","2026-10-08"
"MX035","TRAINING_COMPARISON","EV022;EV033","training_workshop","topic_similarity_distinct_audiences","2025-07-21","2025-09-19","SRC021;SRC034","TR05","UNOCT/UNRCCA risk training and OSINT-AI course share organizer programme but different days and curriculum components.","no","series_templates_possible_no_identical_invoices","high","Compare contracted trainers and reused modules before identifying a single avoidable purchase.","training_series_not_duplicate_course","no","not_estimated","not_estimated","selected_purposive_2025_2026_examples_not_complete_population","2026-10-08"
"MX036","DPPA_DPO_REGIONAL","EV027;EV036","joint_guidance","policy_input_vs_field_training_distinct","2025-04-01","2025-08-31","SRC029;SRC030;SRC032","DD05;TR01","Joint mission concept planning guidance and UNMISS police CPS syllabus are distinct products; shared high-level planning policy may inform field training.","no","different_policy_vs_field_training","high","Trace explicit syllabus citation to policy if available; do not infer direct reuse.","no_identical_final_deliverable","no","not_estimated","not_estimated","selected_purposive_2025_2026_examples_not_complete_population","2026-10-08"
