"case_id","research_rank","entities","canonical_activities","source_match_ids","common_function","reuse_evidence_type","what_is_verified","feasible_public_workflow_change","later_financial_adjudication_required","legal_temporal_scope_guardrail","source_ids","mapped_2027_deliverable_ids","source_confidence","duplicate_cost_verified","incremental_cost_avoided_usd","ranking_scope"
"R01","1","UNOWAS + UNOCA","EV001;EV002","MX001;MX002","joint_Nigeria_mission_and_nested_forum","already_jointly_delivered","one_joint_event_identity_confirmed","Keep one shared itinerary/event identifier and issue report-specific country annexes","Evaluate joint travel procurement and separate regional political engagements","same_trip_mentioned_in_two_sources_is_one_mission","SRC003;SRC004;SRC005;SRC006","UO04","high","no","not_estimated","reuse_workflow_research_priority_not_recommended_cut"
"R02","2","UNOWAS + UNOCA","EV003;EV004;EV010;EV011","MX003;MX004;MX010","Dakar_workshop_and_both_SC_reports","existing_single_workshop_with_shared_input_to_distinct_reports","same_workshop_confirmed_cited_by_two_reports","Produce one canonical participant/action log and reusable fact sheet for distinct Council reports","Compare actual workshop procurement and editor workloads; retain UNOCA-issued separate best-practices document","shared_input_not_identical_final_reporting_product","SRC005;SRC006;SRC007;SRC008","UO01;UO03;UO05;UO07","high","no","not_estimated","reuse_workflow_research_priority_not_recommended_cut"
"R03","3","DPPA + DPO + DOS","EV027;EV028","MX023;MX024","Mission_Concept_guidance_and_peace_operations_review","existing_joint_policy_deliverables","joint_guidance_and_review_confirmed","Common version control, shared drafting registry, one canonical issued guidance per policy","Audit workflow editing and versioning only if internal contracts exist","joint_guidance_not_a_mandate_merger_or_new_saving","SRC027;SRC028;SRC029;SRC030;SRC038","DD05;DD07","high","no","not_estimated","reuse_workflow_research_priority_not_recommended_cut"
"R04","4","DPPA + DPO regional divisions","EV029;EV030;EV031;EV032","MX025;MX026;MX027;MX028","joint_ASG_briefings_and_joint_Haiti_team","existing_integrated_delivery","one_speaker_per_SC_meeting_and_shared_structure_confirmed","Central joint situation-dossier and Council briefing output tracker with unique meeting ID","Check actual staffing effort only later; avoid labeling single ASG two posts","one_integrated_delivery_not_two_separately_financed_briefings","SRC024;SRC025;SRC026;SRC037","DD03;DD07","high","no","not_estimated","reuse_workflow_research_priority_not_recommended_cut"
"R05","5","UNRCCA + UNAMA + DPPA + UNSSC","EV018;EV020","MX015;MX016","academy_and_climate_security_trainings","existing_joint_training","both_events_confirmed_joint_or_cooperated","Share syllabus resources, schedule participant groups and event evaluation systems","Identify actual supplier costs and distinct UNAMA/UNRCCA training needs","joint_CSM_event_not_separately_DPO_delivered","SRC017;SRC018","UA03;UA05;UA07;TR01","high","no","not_estimated","reuse_workflow_research_priority_not_recommended_cut"
"R06","6","UNOWAS + UNOCA + DPPA-DPO regional","EV006;EV007;EV008;EV009","MX006;MX007;MX008;MX009","Lake_Chad_and_Gulf_of_Guinea_risk_coordination","existing_shared_coordination_and_joint_field_input","documented_collaboration_no_unique_joint_analytic_product_confirmed","Shared transregional issue tracker, secure geospatial source layer and mutually labeled input dossiers","Protect region-specific diplomatic contacts and classified collection and provenance","one_joint_risk_input_two_distinct_mandates","SRC005;SRC009;SRC011;SRC013","UO07","medium_high","no","not_estimated","reuse_workflow_research_priority_not_recommended_cut"
"R07","7","UNAMA + UNRCCA","EV019;EV021;EV023;EV024","MX017;MX018;MX021;MX022","Afghanistan_contexts_regional_and_country","participation_and_shared_topic_only","meetings_shared_participants_but_source_text_reuse_unverified","Optional jointly prepared Afghanistan regional risk note with explicit attribution and limited audience","UNAMA confidential women/human rights reporting distinct; Central Asian authorities separately mandate","participation_in_others_meeting_not_a_joint_deliverable","SRC019;SRC020;SRC022;SRC023","UA01;UA02;UA07;UA08","medium","no","not_estimated","reuse_workflow_research_priority_not_recommended_cut"
"R08","8","UNRCCA + UNOCT","EV033;EV034","MX029;MX035","repeated_AI_OSINT_early_warning_courses","repeatable_curriculum_hypothesis","two_distinct_deliveries_to_different_national_cohorts","Share common validated lesson plans, trainers, tool licenses and procurement schedule","Compare actual syllabus/course ID and vendor cost before assuming same paid course","distinct_trainees_and_events_no_duplicate_cost_shown","SRC034;SRC035;SRC021","TR04;TR05","medium","no","not_estimated","reuse_workflow_research_priority_not_recommended_cut"
"R09","9","DPPA analytical training + UNMISS/UNPOL policing","EV035;EV036;EV037","MX030;MX031;MX032;MX033","climate_security_and_AI_analytics_trainings","related_topics_distinct_qualifications","no_identical_training_delivery_confirmed","Consider common open climate-risk glossary, publicly releasable maps and generic analytic modules","Keep tactical UNPOL curricula and internal DPPA political analysis qualifications separate","subject_similarity_is_not_course_identity","SRC031;SRC032;SRC033","TR01;TR03;TR05","medium","no","not_estimated","reuse_workflow_research_priority_not_recommended_cut"
"R10","10","UNOWAS + UNOCA Council reporting","EV010;EV011;EV012;EV013;EV014;EV015;EV016;EV017","MX010;MX011;MX012;MX013","distinct_SC_reports_and_briefings","shared_canonical_inputs_only","distinct_mandated_reports_and_unique_meeting_records_verified","Preserve two reports but share source event log and crossreference research where permitted","Never eliminate required report or mandated Council appearance by text similarity","same_report_issue_date_and_same_event_mention_do_not_mean_same_report","SRC001;SRC002;SRC005;SRC006;SRC009;SRC010;SRC011;SRC012;SRC014;SRC015;SRC016;SRC042","UO01;UO02","high","no","not_estimated","reuse_workflow_research_priority_not_recommended_cut"
"R11","11","UNOCA + DPPA/DPO/UNSSC practice","EV038","MX034","2024_workshop_2025_published_practice_note","temporal_negative_control","workshop_outside_2025_2026_window","Separate original event date and document publication date in every source ingest","Published 2025 document cannot be counted as newly delivered 2025 workshop","prevent_publication_date_from_creating_false_activity","SRC036","TR01","high","no","not_estimated","reuse_workflow_research_priority_not_recommended_cut"
