"activity_id","family","activity_type","actual_start_date_or_month_start","actual_end_date_or_month_end","verified_activity_or_product","documented_entity_roles","official_document_or_meeting_symbol","primary_source_id","corroborating_source_ids","source_evidenced_relation","scope_or_location","analysis_period_status","identity_and_double_count_guardrail","canonical_identity","verified_unique_paid_cost","incremental_net_savings"
"EV001","UNOWAS_UNOCA","field_visit","2025-01-27","2025-01-31","UNOWAS+UNOCA joint high-level visit to Nigeria/Borno/Bama","UNOWAS: joint lead; UNOCA: joint lead","none","SRC003","SRC004;SRC005;SRC006","jointly_delivered_activity","Nigeria Lake Chad","2025","field_mission","analyst_assigned_EV001","not_available","not_estimated"
"EV002","UNOWAS_UNOCA","meeting","2025-01-29","2025-01-31","Fifth Lake Chad Basin Governors Forum in Maiduguri","LCBC: regional forum; UNOWAS/UNOCA: joint participants","none","SRC003","SRC005;SRC006","joint_attendance_sub_event","same Nigeria mission EV001","2025","nested_forum_not_extra_field_mission","analyst_assigned_EV002","not_available","not_estimated"
"EV003","UNOWAS_UNOCA","training_workshop","2025-02-26","2025-02-27","Dakar joint farmer-herder conflict and transhumance workshop","UNOWAS and UNOCA: co-organizers; ECOWAS/ECCAS and other partners: participants","none","SRC007","SRC008;SRC005;SRC006","jointly_delivered_activity","Dakar","2025","one_workshop_multi_source","analyst_assigned_EV003","not_available","not_estimated"
"EV004","UNOWAS_UNOCA","publication","2025-02-27","2025-02-27","Best-practice collection on farmer-herder conflict issued at Dakar workshop","UNOCA: compilation lead; UNOWAS: joint-event partner","none","SRC005","SRC006;SRC007","single_lead_shared_event_output","published during EV003","2025","supporting_publication_not_second_workshop","analyst_assigned_EV004","not_available","not_estimated"
"EV005","UNOWAS_UNOCA","meeting","2025-02-17","2025-02-17","Women peace and security cross-regional online exchange","UNOCA: convener; UNOWAS and Great Lakes envoy: participants","none","SRC005","none","documented_shared_knowledge_meeting","joint practice exchange","2025","separate_from_2025_Dakar_workshop","analyst_assigned_EV005","not_available","not_estimated"
"EV006","UNOWAS_UNOCA","meeting","2025-04-08","2025-04-08","UNOCA and UNOWAS online joint regional risks review","UNOCA and UNOWAS: mutual participants","none","SRC005","none","documented_shared_knowledge_meeting","climate transhumance maritime security violent extremism","2025","single_meeting_not_two","analyst_assigned_EV006","not_available","not_estimated"
"EV007","UNOWAS_UNOCA","meeting","2025-10-30","2025-10-30","Joint review of 2025 UNOWAS and UNOCA activities","UNOCA and UNOWAS: joint review","none","SRC009","none","documented_shared_knowledge_meeting","climate security and joint future work","2025","reported_once_not_two_costed_reviews","analyst_assigned_EV007","not_available","not_estimated"
"EV008","UNOWAS_UNOCA","field_visit","2025-12-07","2025-12-12","UNSC climate security informal expert group visit to Chad","UNSC IEG: lead; UNOCA and UNOWAS advisers, DPPA-DPO regional team: accompanying participants","none","SRC013","none","joint_multi_entity_participation","Lake Chad and eastern Chad","2025","not_UNOWAS_UNOCA_alone_organizers","analyst_assigned_EV008","not_available","not_estimated"
"EV009","UNOWAS_UNOCA","meeting","2026-04-28","2026-04-28","UNOWAS–UNOCA desk-to-desk regional security review","UNOWAS and UNOCA: joint desk meeting","none","SRC011","none","documented_shared_knowledge_meeting","Lake Chad maritime and climate security etc","2026","one_reported_meeting","analyst_assigned_EV009","not_available","not_estimated"
"EV010","UNOWAS_UNOCA","security_council_report","2025-03-26","2025-03-26","SG activities UNOWAS report","UNOWAS: reporting focus; UN Secretary-General: issuer","S/2025/187","SRC006","SRC001","distinct_mandate_final_report","West Africa and Sahel","2025","reports_EV001_and_EV003_with_unique_symbol","analyst_assigned_EV010","not_available","not_estimated"
"EV011","UNOWAS_UNOCA","security_council_report","2025-05-30","2025-05-30","SG situation Central Africa and UNOCA report","UNOCA: reporting focus; UN Secretary-General: issuer","S/2025/342","SRC005","SRC001","distinct_mandate_final_report","Central Africa Lake Chad updates","2025","reports_EV001_and_EV003_with_unique_symbol","analyst_assigned_EV011","not_available","not_estimated"
"EV012","UNOWAS_UNOCA","security_council_report","2025-11-28","2025-11-28","SG activities UNOWAS second-half report","UNOWAS: reporting focus; SG: issuer","S/2025/771","SRC010","SRC001","distinct_mandate_final_report","West Africa and Sahel","2025","same_issue_date_as_S2025_772_not_same_report","analyst_assigned_EV012","not_available","not_estimated"
"EV013","UNOWAS_UNOCA","security_council_report","2025-11-28","2025-11-28","SG situation Central Africa and UNOCA second-half report","UNOCA: reporting focus; SG: issuer","S/2025/772","SRC009","SRC001","distinct_mandate_final_report","Central Africa","2025","reports_2025_oct30_joint_review","analyst_assigned_EV013","not_available","not_estimated"
"EV014","UNOWAS_UNOCA","security_council_report","2026-05-29","2026-05-29","SG situation Central Africa and UNOCA first-half report","UNOCA: reporting focus; SG: issuer","S/2026/445","SRC011","SRC002","distinct_mandate_final_report","Central Africa","2026","reports_EV009","analyst_assigned_EV014","not_available","not_estimated"
"EV015","UNOWAS_UNOCA","security_council_report","2026-06-30","2026-06-30","SG activities UNOWAS first-half report","UNOWAS: reporting focus; SG: issuer","S/2026/537","SRC012","SRC002","distinct_mandate_final_report","West Africa and Sahel","2026","different_report_and_issue_date_from_S2026_445","analyst_assigned_EV015","not_available","not_estimated"
"EV016","UNOWAS_UNOCA","security_council_briefing","2025-12-11","2025-12-11","UNOCA briefing to Security Council","UNOCA SRSG Abdou Abarry: briefer","S/PV.10060","SRC014","SRC039","distinct_council_meeting","Central Africa","2025","one_UNOCA_briefing","analyst_assigned_EV016","not_available","not_estimated"
"EV017","UNOWAS_UNOCA","security_council_briefing","2025-12-18","2025-12-18","UNOWAS briefing to Security Council","UNOWAS Deputy SRSG Barrie Freeman: briefer","S/PV.10073","SRC015","SRC016","distinct_council_meeting","West Africa and Sahel","2025","seven_days_after_UNOCA_meeting","analyst_assigned_EV017","not_available","not_estimated"
"EV018","UNAMA_UNRCCA","training_workshop","2025-04-22","2025-04-22","Preventive Diplomacy Academy UN system and political missions online session","UNRCCA: host; UNAMA: cooperation and two speakers","none","SRC017","none","jointly_delivered_activity","Central Asia and Afghanistan youth","2025","one_online_session","analyst_assigned_EV018","not_available","not_estimated"
"EV019","UNAMA_UNRCCA","meeting","2025-11-27","2025-11-28","UNRCCA 15th Deputy Foreign Ministers annual meeting Almaty","UNRCCA: convened; UNAMA acting SRSG: participated","none","SRC019","none","participation_only_distinct_roles","five Central Asian states and Afghanistan issue","2025","not_UNAMA_joint_host","analyst_assigned_EV019","not_available","not_estimated"
"EV020","UNAMA_UNRCCA","training_workshop","2026-02-17","2026-02-19","Climate security and peacebuilding staff capacity workshop Ashgabat","DPPA and UNSSC: organizers; UNRCCA host/cooperation; UNAMA: cooperation and attendees","none","SRC018","none","jointly_delivered_activity","30 UN staff and partners in CA/Afghanistan","2026","DPO_not_individually_named_as_workshop_organizer","analyst_assigned_EV020","not_available","not_estimated"
"EV021","UNAMA_UNRCCA","meeting","2026-06-15","2026-06-15","Eighth EU/Central Asia envoys meeting on Afghanistan","Kazakhstan MFA: host; UNRCCA and UNAMA: UN participants","none","SRC020","none","participation_only_distinct_roles","Afghanistan regional security","2026","not_coowned_UN_meeting","analyst_assigned_EV021","not_available","not_estimated"
"EV022","UNAMA_UNRCCA","training_workshop","2025-09-15","2025-09-19","Counterterrorism early-warning risk assessment and indicators course Termez","UNRCCA and UNOCT: organizers; UNAMA: one of participating entities","none","SRC021","none","participation_only_distinct_roles","Central Asian counterterrorism community","2025","not_UNAMA_coorganized","analyst_assigned_EV022","not_available","not_estimated"
"EV023","UNAMA_UNRCCA","security_council_report","2025-12-03","2025-12-03","SG Afghanistan quarterly report December 2025","UNAMA country mission: substantive focus; SG: issuer","S/2025/789","SRC022","SRC001","distinct_mandate_final_report","Afghanistan","2025","no_equivalent_UNRCCA_SG_report_verified","analyst_assigned_EV023","not_available","not_estimated"
"EV024","UNAMA_UNRCCA","security_council_report","2026-02-27","2026-02-27","SG Afghanistan report February 2026","UNAMA country mission: substantive focus; SG: issuer","S/2026/99","SRC023","SRC002","distinct_mandate_final_report","Afghanistan","2026","not_same_as_unrcca_training_event","analyst_assigned_EV024","not_available","not_estimated"
"EV025","UNAMA_UNRCCA","security_council_briefing","2025-12-10","2025-12-10","UNAMA Afghanistan Security Council briefing","UNAMA Deputy SRSG Georgette Gagnon: briefer","S/PV.10058","SRC022","SRC001","distinct_council_meeting","Afghanistan agenda","2025","UNRCCA_not_issuer_of_this_briefing","analyst_assigned_EV025","not_available","not_estimated"
"EV026","DPPA_DPO_REGIONAL","meeting","2025-05-27","2025-05-27","Joint DPPA-DPO General Assembly peace operations review consultation","DPPA and DPO: jointly conducting review; GA convened consultation","none","SRC027","SRC038","jointly_delivered_activity","all forms UN peace operations","2025","one_consultation_not_two","analyst_assigned_EV026","not_available","not_estimated"
"EV027","DPPA_DPO_REGIONAL","joint_guidance","2025-04-01","2025-04-30","Guidelines on Mission Concept and Mission Plan issued","DPO, DPPA and DOS: co-endorsers","2025_joint_guidelines_no_symbol_verified","SRC029","SRC030","jointly_produced_guidance","mission planning and CPAS","2025","source_reports_month_only_do_not_infer_day","analyst_assigned_EV027","not_available","not_estimated"
"EV028","DPPA_DPO_REGIONAL","joint_report","2026-07-22","2026-07-22","Future of All Forms of UN Peace Operations review joint SG report","DPPA and DPO: joint review leads; SG: report issuer","A/80/798-S/2026/600","SRC028","SRC038","jointly_produced_guidance","peacekeeping and special political missions","2026","one_joint_report_not_two_separate_products","analyst_assigned_EV028","not_available","not_estimated"
"EV029","DPPA_DPO_REGIONAL","security_council_briefing","2025-07-02","2025-07-02","Haiti Security Council briefing by joint regional ASG","ASG Miroslav Jenca: one DPPA/DPO joint department briefer","none","SRC024","none","single_integrated_staff_output","Haiti","2025","single_briefing_no_duplicate_record","analyst_assigned_EV029","not_available","not_estimated"
"EV030","DPPA_DPO_REGIONAL","security_council_briefing","2025-08-01","2025-08-01","Ukraine Security Council briefing by joint regional ASG","ASG Miroslav Jenca: one DPPA/DPO joint department briefer","none","SRC025","none","single_integrated_staff_output","Ukraine","2025","single_briefing_no_duplicate_record","analyst_assigned_EV030","not_available","not_estimated"
"EV031","DPPA_DPO_REGIONAL","security_council_briefing","2026-04-28","2026-04-28","Palestine Council meeting by ASG Khiari DPPA/DPO","ASG Khaled Khiari: one briefer for joint pillar","S/PV.10146","SRC026","none","single_integrated_staff_output","Middle East Palestine","2026","one_meeting_one_briefing_record","analyst_assigned_EV031","not_available","not_estimated"
"EV032","DPPA_DPO_REGIONAL","staffing_structural","2025-03-05","2025-03-18","Shared DPPA-DPO Americas Haiti Team P-4 job posting","Joint Americas Division: one integrated recruitment","25-POL-DPPA-DPO-SS-254066-J-NEW_YORK","SRC037","none","existing_joint_structure_not_deliverable","Haiti desk","2025","recruitment_is_not_a_product_or_saving","analyst_assigned_EV032","not_available","not_estimated"
"EV033","TRAINING_COMPARISON","training_workshop","2025-07-21","2025-07-22","UNRCCA/UNOCT OSINT and AI early warning Tashkent course","UNRCCA UNOCT: organizers; Tajikistan and Uzbekistan: state trainees","none","SRC034","none","separate_training_cohort","counterterrorism early warning","2025","content_family_shared_with_EV034_not_same_event","analyst_assigned_EV033","not_available","not_estimated"
"EV034","TRAINING_COMPARISON","training_workshop","2025-07-24","2025-07-25","UNRCCA/UNOCT OSINT and AI early warning Astana course","UNRCCA UNOCT: organizers; Kazakhstan and Kyrgyzstan: state trainees","none","SRC035","none","separate_training_cohort","counterterrorism early warning","2025","distinct_country_cohort_from_EV033","analyst_assigned_EV034","not_available","not_estimated"
"EV035","TRAINING_COMPARISON","training_workshop","2025-12-02","2025-12-05","DPPA E-Analytics and Innovation seventh course New York","DPPA Innovation Cell/QCRI: organizers; joint DPPA/DPO Americas staff: one participant","none","SRC031","none","distinct_course_shared_staff_audience","political analysis text/social media and GenAI","2025","DPO_not_documented_as_organizer","analyst_assigned_EV035","not_available","not_estimated"
"EV036","TRAINING_COMPARISON","training_syllabus","2025-08-01","2025-08-31","UNMISS/UNPOL climate-security policing syllabus","UNMISS, UNPOL and CSM: joint training resource developers","2025_UNMISS_CPS_POLICING_SYLLABUS","SRC032","none","distinct_specialized_training_resource","South Sudan police/community safety","2025","publication_2025_11_24_event_month_2025_08","analyst_assigned_EV036","not_available","not_estimated"
"EV037","TRAINING_COMPARISON","training_workshop","2025-06-01","2025-06-05","DPPA-PBSO Turin climate/peace/security project programming workshop","DPPA PBSO, UNSSC, CSM: organizers","none","SRC033","none","distinct_political_programming_training","peacebuilding design project M&E","2025","exact_workshop_days_not_verified_use_first_week_approx","analyst_assigned_EV037","not_available","not_estimated"
"EV038","TRAINING_COMPARISON","practice_note","2024-10-01","2024-10-31","UNOCA DPPA DPO UNSSC climate workshop in Gabon","UNOCA/DPPA/DPO/UNSSC: co-organized 2024 workshop","2025_PRACTICE_NOTE_ON_2024_WORKSHOP","SRC036","none","outside_requested_event_window","Gabon October 2024; published April 2025","2024_excluded","do_not_inflate_2025_activity_counts_from_publication_date","analyst_assigned_EV038","not_available","not_estimated"
"EV039","UNAMA_UNRCCA","training_workshop","2026-04-28","2026-04-28","UNRCCA UNAMA 2026 Academy session youth preventive diplomacy and regional security","UNRCCA Academy host; UNAMA political officer contributor","none","SRC043","SRC044","jointly_delivered_activity","Central Asia Afghanistan","2026","One session with separate organizer and instructor roles","analyst_assigned_EV039","not_available","not_estimated"
"EV040","UNAMA_UNRCCA","training_workshop","2026-04-08","2026-04-08","UNRCCA Academy 2026 opening online session","UNRCCA organizer; UNAMA not explicitly named a co-organizer","none","SRC044","none","UNRCCA_hosted_separate_session","Central Asia Afghanistan academy","2026","Opening April 8 not same April 28 course","analyst_assigned_EV040","not_available","not_estimated"
"EV041","UNOWAS_UNOCA","training_workshop","2026-06-23","2026-06-23","Emerging drugs Senegal UNOWAS UNODC Dakar workshop","UNOWAS UNODC joint organizers; UNOCA unverified involvement","none","SRC045","none","partner_elsewhere_not_UNOCA","Senegal drugs policy","2026","One UNOWAS UNODC event not implied UNOCA","analyst_assigned_EV041","not_available","not_estimated"
"EV042","UNOWAS_UNOCA","analytical_publication","2026-10-06","2026-10-06","Eastern Chad climate peace and security assessment","UNOCA original publisher; UNOWAS co-authorship unverified","none","SRC046","none","regional_mandate_distinct_publication","Eastern Chad","2026","Different subject and publisher from Gulf of Guinea reports","analyst_assigned_EV042","not_available","not_estimated"
"EV043","UNOWAS_UNOCA","security_council_briefing","2026-07-14","2026-07-14","UNOWAS Security Council meeting on peace consolidation in West Africa","Security Council meeting; UNOWAS reporting focus","S/PV.10195","SRC047","SRC053","distinct_council_meeting","West Africa and Sahel","2026","Not an UNOCA Council meeting","analyst_assigned_EV043","not_available","not_estimated"
"EV044","UNAMA_UNRCCA","security_council_briefing","2026-06-08","2026-06-08","UNAMA briefing on Afghanistan to Council tied to S/2026/431","Council Afghanistan meeting; UNAMA reporting focus","S/PV.10165","SRC049","SRC053","country_report_meeting_link","Afghanistan","2026","One event with report input and distinct meeting output","analyst_assigned_EV044","not_available","not_estimated"
"EV045","UNAMA_UNRCCA","security_council_briefing","2026-09-16","2026-09-16","UNAMA briefing linked to S/2026/724","Council Afghanistan meeting; UNAMA reporting focus","S/PV.10223","SRC048","SRC053","country_report_meeting_link","Afghanistan","2026","UNRCCA not source-proven co-briefing","analyst_assigned_EV045","not_available","not_estimated"
"EV046","UNAMA_UNRCCA","security_council_briefing","2026-03-09","2026-03-09","UNAMA Afghanistan briefing","UNAMA country mandate Council meeting","S/PV.10116","SRC050","none","distinct_council_meeting","Afghanistan","2026","Political country briefing not a joint regional course","analyst_assigned_EV046","not_available","not_estimated"
