"source_id","title","official_url","publisher","publication_date_or_index_access","source_type","event_coverage","exact_locator_or_event","interpretive_limit","retrieval_stage","independently_retrieved_complete_body"
"SRC001","UN Security Council 2025 report index","https://main.un.org/securitycouncil/en/content/reports-submitted-transmitted-secretary-general-security-council-2025","UN Security Council","2026-10-08","indexed_official_report_symbols","2025","S/2025/187; S/2025/342; S/2025/771; S/2025/772; S/2025/789","Index verifies symbols and titles, not full-text overlap.","official_web_search_result_text_or_index_verified_2026_10_08","no_complete_full_text_required_for_recorded_claim"
"SRC002","UN Security Council 2026 report index","https://main.un.org/securitycouncil/en/content/reports-submitted-transmitted-secretary-general-security-council-2026","UN Security Council","2026-10-08","indexed_official_report_symbols","2026","S/2026/445; S/2026/537; S/2026/99; A/80/798-S/2026/600","Index verifies symbols and dates where listed; not all contents.","official_web_search_result_text_or_index_verified_2026_10_08","no_complete_full_text_required_for_recorded_claim"
"SRC003","UNOWAS/UNOCA joint high-level Nigeria mission news","https://unowas.unmissions.org/en/news/unoca-and-unowas-renew-their-joint-commitment-to-support-stabilization-and","UNOWAS","2025-02-01","official_postevent_release","2025","27–31 Jan 2025 Nigeria joint field mission","Jointly conducted with both regional SRSGs; one event.","official_web_search_result_text_or_index_verified_2026_10_08","no_complete_full_text_required_for_recorded_claim"
"SRC004","This Week in DPPA 25–31 January 2025","https://dppa.un.org/en/news/this-week-in-dppa-25-31-january-2025","DPPA","2025-01-31","official_secondary_corrob_release","2025","27–31 Jan UNOWAS/UNOCA mission","Same Nigeria mission, not a second occurrence.","official_web_search_result_text_or_index_verified_2026_10_08","no_complete_full_text_required_for_recorded_claim"
"SRC005","UNOCA SG report S/2025/342","https://unoca.unmissions.org/sites/default/files/2025-12/28th_sg_report_on_the_situation_in_central_africa_and_the_activities_of_the_unoca.pdf","UN Secretary-General / UNOCA","2025-05-30","security_council_report_full_text_searchable","2025","S/2025/342 paras 61–67","Explicit cross-references S/2025/187 and records 2025 shared workshops and field mission.","official_web_search_result_text_or_index_verified_2026_10_08","searchable_sections_only"
"SRC006","UNOWAS SG report S/2025/187","https://documents.un.org/api/symbol/access?l=en&s=S%2F2025%2F187&t=pdf","UN Secretary-General / UNOWAS","2025-03-26","security_council_report_full_text_searchable","2025","S/2025/187 paras 53–54","Same Dakar event and Lake Chad Governors Forum discussed separately in UNOCA SG report.","official_web_search_result_text_or_index_verified_2026_10_08","searchable_sections_only"
"SRC007","UNOWAS/UNOCA farmer-herder joint Dakar workshop","https://unowas.unmissions.org/en/news/west-and-central-africa-unowas-and-unoca-pool-their-efforts-to-strengthen-peaceful","UNOWAS","2025-02-28","official_postevent_release","2025","26–27 Feb 2025 Dakar; action plan","Officially joint organizer and one community-of-practice workplan.","official_web_search_result_text_or_index_verified_2026_10_08","no_complete_full_text_required_for_recorded_claim"
"SRC008","Climate Security Mechanism 2025 joint farmer-herder workshop","https://www.un.org/climatesecuritymechanism/en/news/west-and-central-africa-unowas-and-unoca-pool-their-efforts-strengthen-peaceful-coexistence","UN Climate Security Mechanism","2025-02-28","official_corrob_postevent_release","2025","Same 26–27 Feb 2025 Dakar workshop","Republished description of same workshop; not independent event.","official_web_search_result_text_or_index_verified_2026_10_08","no_complete_full_text_required_for_recorded_claim"
"SRC009","UNOCA SG report S/2025/772","https://documents.un.org/api/symbol/access?l=en&s=S%2F2025%2F772&t=pdf","UN Secretary-General / UNOCA","2025-11-28","security_council_report_full_text_searchable","2025","S/2025/772 para 65","Records joint UNOWAS/UNOCA 30 Oct 2025 review of activities.","official_web_search_result_text_or_index_verified_2026_10_08","searchable_sections_only"
"SRC010","UNOWAS SG report S/2025/771","https://main.un.org/securitycouncil/en/content/reports-submitted-transmitted-secretary-general-security-council-2025","UN Secretary-General / UNOWAS","2025-11-28","security_council_report_bibliographic_index_only","2025","S/2025/771","Distinct named report dated same as S/2025/772; full text not inspected.","official_web_search_result_text_or_index_verified_2026_10_08","no_complete_full_text_required_for_recorded_claim"
"SRC011","UNOCA SG report S/2026/445","https://unoca.unmissions.org/sites/default/files/2026-06/sg_report_on_unoca_s_2026.445_e.pdf.pdf","UN Secretary-General / UNOCA","2026-05-29","security_council_report_full_text_searchable","2026","S/2026/445 para 65","28 Apr 2026 UNOCA-UNOWAS desk-to-desk online meeting.","official_web_search_result_text_or_index_verified_2026_10_08","searchable_sections_only"
"SRC012","UNOWAS SG report S/2026/537","https://main.un.org/securitycouncil/en/content/reports-submitted-transmitted-secretary-general-security-council-2026","UN Secretary-General / UNOWAS","2026-06-30","security_council_report_bibliographic_index_only","2026","S/2026/537","Distinct Council report; contents not directly compared paragraph by paragraph.","official_web_search_result_text_or_index_verified_2026_10_08","no_complete_full_text_required_for_recorded_claim"
"SRC013","December 2025 Lake Chad / East Chad field mission","https://www.un.org/climatesecuritymechanism/en/news/unsc-informal-expert-group-visits-chad-address-climate-peace-and-security-challenges-lake-chad","UN Climate Security Mechanism","2025-12-17","official_postevent_release","2025","7–12 Dec 2025 UNSC expert visit Chad","Two mission climate advisers UNOWAS+UNOCA with DPPA-DPO Central Africa Team accompanied; one visit.","official_web_search_result_text_or_index_verified_2026_10_08","no_complete_full_text_required_for_recorded_claim"
"SRC014","UNOCA SG reporting and briefing list","https://unoca.unmissions.org/en/unoca-reports-of-the-secretary-general","UNOCA","2026-10-08","official_periodic_reporting_catalog","2025_2026","11 Dec 2025 UNOCA and 9 Jun 2026 briefings","Names separate Council presentations; not the same as UNOWAS briefings.","official_web_search_result_text_or_index_verified_2026_10_08","no_complete_full_text_required_for_recorded_claim"
"SRC015","UNOWAS 18 Dec 2025 Council briefing","https://unowas.unmissions.org/en/news/unsc-dsrsg-freeman-warns-persistent-fragility-west-africa-and-sahel-and-calls-increased","UNOWAS","2025-12-18","official_meeting_briefing_release","2025","18 Dec 2025 S/2025/771 briefing","Different date from UNOCA 11 Dec 2025 Council briefing.","official_web_search_result_text_or_index_verified_2026_10_08","no_complete_full_text_required_for_recorded_claim"
"SRC016","S/PV.10073 Security Council meeting record","https://digitallibrary.un.org/record/4099955/files/S_PV.10073-EN.pdf","UN Security Council","2025-12-18","council_verbatim_record","2025","S/PV.10073; 18 Dec 2025","Unique meeting record UNOWAS West Africa/Sahel.","official_web_search_result_text_or_index_verified_2026_10_08","no_complete_full_text_required_for_recorded_claim"
"SRC017","UNRCCA–UNAMA Preventive Diplomacy Academy session","https://unrcca.unmissions.org/en/news/unrccas-preventive-diplomacy-academy-explores-legacy-un-and-role-political-missions","UNRCCA","2025-04-23","official_training_event_release","2025","22 Apr 2025 online Academy session","UNRCCA hosted in cooperation with UNAMA; both contributed instructors.","official_web_search_result_text_or_index_verified_2026_10_08","no_complete_full_text_required_for_recorded_claim"
"SRC018","UNRCCA DPPA UNAMA climate security workshop","https://unrcca.unmissions.org/en/news/unrcca-co-organizes-workshop-strengthening-climate-security-and-peacebuilding","UNRCCA","2026-02-24","official_training_event_release","2026","17–19 Feb 2026 Ashgabat","DPPA+UNSSC organizers, UNRCCA and UNAMA cooperation; 30 participants.","official_web_search_result_text_or_index_verified_2026_10_08","no_complete_full_text_required_for_recorded_claim"
"SRC019","UNRCCA Central Asia Deputy Foreign Ministers meeting","https://unrcca.unmissions.org/en/news/unrcca-convenes-fifteenth-annual-meeting-deputy-foreign-ministers-central-asian-states","UNRCCA","2025-11-28","official_meeting_event_release","2025","27–28 Nov 2025 Almaty","UNRCCA convened; UNAMA acting SRSG participated, not co-organizer.","official_web_search_result_text_or_index_verified_2026_10_08","no_complete_full_text_required_for_recorded_claim"
"SRC020","UNRCCA Central Asia-EU Afghanistan envoys meeting","https://unrcca.unmissions.org/en/news/srsg-kaha-imnadze-participates-in-the-eighth-meeting-of-special-representatives-and","UNRCCA","2026-06-15","official_meeting_event_release","2026","15 Jun 2026 Almaty","UNAMA and UNRCCA represented UN; host was Kazakhstan Foreign Ministry.","official_web_search_result_text_or_index_verified_2026_10_08","no_complete_full_text_required_for_recorded_claim"
"SRC021","UNRCCA UNOCT 2025 risk-indicators training","https://unrcca.unmissions.org/en/news/unrcca-co-organizes-regional-training-risk-assessment-and-indicators","UNRCCA","2025-09-18","official_training_event_release","2025","15–19 Sep 2025 Termez, Uzbekistan","UNOCT/UNRCCA course; UNAMA participant listed; not co-organizer.","official_web_search_result_text_or_index_verified_2026_10_08","no_complete_full_text_required_for_recorded_claim"
"SRC022","UNAMA SG report S/2025/789","https://main.un.org/securitycouncil/en/content/reports-submitted-transmitted-secretary-general-security-council-2025","UN Secretary-General / UNAMA","2025-12-03","security_council_report_bibliographic_index_only","2025","S/2025/789","Afghanistan country report, not an UNRCCA regional briefing report.","official_web_search_result_text_or_index_verified_2026_10_08","no_complete_full_text_required_for_recorded_claim"
"SRC023","UNAMA SG report S/2026/99","https://unama.unmissions.org/sites/default/files/2026-03/SG%20Report%20Afghanistan%20S-2026-99.pdf","UN Secretary-General / UNAMA","2026-02-27","security_council_report_full_text_searchable","2026","S/2026/99","Afghanistan-specific reporting; joint UNRCCA/UNAMA training not same deliverable.","official_web_search_result_text_or_index_verified_2026_10_08","searchable_sections_only"
"SRC024","DPPA-DPO shared regional desk Haiti Security Council briefing","https://dppa.un.org/en/node/101607","DPPA","2025-07-02","official_speech_and_briefing","2025","ASG Miroslav Jenča 2 July 2025 Haiti SC briefing","ASG explicitly affiliated Departments DPPA and DPO; one speaker and briefing.","official_web_search_result_text_or_index_verified_2026_10_08","no_complete_full_text_required_for_recorded_claim"
"SRC025","DPPA-DPO shared regional desk Ukraine Security Council briefing","https://dppa.un.org/en/speeches-and-statements/escalating-violence-in-ukraine-underscores-urgent-need-for-diplomacy","DPPA","2025-08-01","official_speech_and_briefing","2025","ASG Miroslav Jenča 1 Aug 2025 Ukraine SC briefing","One briefing from jointly identified DPPA-DPO regional leadership.","official_web_search_result_text_or_index_verified_2026_10_08","no_complete_full_text_required_for_recorded_claim"
"SRC026","S/PV.10146 DPPA-DPO Palestine briefing","https://www.un.org/unispal/document/security-council-meeting-record-eighty-first-year-10146th-meeting-briefing-by-mr-khaled-khiari-assistant-secretary-general-dppa-dpo-s-pv-10146/","UN Security Council / UNISPAL","2026-04-28","verbatim_SC_meeting_record","2026","S/PV.10146 28 Apr 2026","Khaled Khiari explicitly identified Assistant Secretary-General DPPA-DPO; single Council meeting.","official_web_search_result_text_or_index_verified_2026_10_08","no_complete_full_text_required_for_recorded_claim"
"SRC027","DPPA-DPO joint GA consultation 27 May 2025","https://dppa.un.org/en/speeches-and-statements/remarks-by-usg-rosemary-dicarlo-at-the-dppa-dpo-consultation-with-the","DPPA","2025-05-27","official_joint_consultation_release","2025","27 May 2025 review on future peace operations","Joint process, one GA consultation; separate input from distinct missions.","official_web_search_result_text_or_index_verified_2026_10_08","no_complete_full_text_required_for_recorded_claim"
"SRC028","UN SG A/80/798-S/2026/600 peace operations review","https://www.un.org/un80-initiative/en/all-un80-related-resources-and-documents","UN80 Initiative / UN Secretary-General","2026-07-22","official_joint_report_catalog","2026","A/80/798-S/2026/600","Jointly DPPA-DPO led review; single formal SG final report.","official_web_search_result_text_or_index_verified_2026_10_08","no_complete_full_text_required_for_recorded_claim"
"SRC029","A4P+ Seventh Progress Report 2025","https://peacekeeping.un.org/sites/default/files/a4p_7th_progress_report.pdf","UN Peacekeeping","2025-08-01","official_progress_report","2025","DPO DPPA DOS Guidelines on Mission Concept and Mission Plan 2025","All three departments endorsed one joint guidance; not three independently duplicate products. Month reference indicative.","official_web_search_result_text_or_index_verified_2026_10_08","no_complete_full_text_required_for_recorded_claim"
"SRC030","OIOS CPAS audit 2025/099","https://oios.un.org/sites/default/files/confidential-files/Reports/2025_099_pd.pdf","UN Office of Internal Oversight Services","2026-05-01","official_oversight_report","2025_2026","CPAS footnote DPO DPPA DOS guidelines issued April 2025","Cross-source confirmation of joint guidance; PDF online without internal cost ledger.","official_web_search_result_text_or_index_verified_2026_10_08","no_complete_full_text_required_for_recorded_claim"
"SRC031","DPPA E-Analytics and Innovation Lab training","https://www.un.org/en/node/238185","DPPA","2025-12-23","official_training_event_release","2025","2–5 Dec 2025 course New York 23 participants","DPPA Innovation Cell organized with QCRI; shared DPPA-DPO division attendee is participant, not DPO co-organizer.","official_web_search_result_text_or_index_verified_2026_10_08","no_complete_full_text_required_for_recorded_claim"
"SRC032","UNMISS–UNPOL climate security police training syllabus 2025","https://www.un.org/climatesecuritymechanism/en/media/381","UNMISS/UNPOL/UN Climate Security Mechanism","2025-11-24","official_training_syllabus","2025","2025 UNPOL climate security policing syllabus","Specialist training artefact for policing in South Sudan; not identical DPPA mediation course.","official_web_search_result_text_or_index_verified_2026_10_08","no_complete_full_text_required_for_recorded_claim"
"SRC033","DPPA/UNSSC Turin climate and peacebuilding workshop","https://dppa.un.org/en/news/this-week-in-dppa-31-may-5-june-2025","DPPA","2025-06-05","official_training_event_release","2025","June 2025 Turin climate-peace-security programming workshop","DPPA PBSO, UNSSC and CSM organized; not evidence DPO delivered separate identical workshop.","official_web_search_result_text_or_index_verified_2026_10_08","no_complete_full_text_required_for_recorded_claim"
"SRC034","UNRCCA/UNOCT OSINT and AI early warning training (Tashkent)","https://unrcca.unmissions.org/en/news/unrcca-co-organizes-second-training-central-asia-enhancing-counter-terrorism-early","UNRCCA","2025-07-22","official_training_event_release","2025","21–22 Jul 2025 Tashkent CT early warning AI OSINT","Distinct cohort from subsequent Astana workshop.","official_web_search_result_text_or_index_verified_2026_10_08","no_complete_full_text_required_for_recorded_claim"
"SRC035","UNRCCA/UNOCT OSINT and AI early warning training (Astana)","https://unrcca.unmissions.org/en/news/unrcca-co-organizes-third-training-central-asia-enhancing-counter-terrorism-early","UNRCCA","2025-07-25","official_training_event_release","2025","24–25 Jul 2025 Astana CT early warning AI OSINT","Comparable curriculum but different national audience/location and actual event.","official_web_search_result_text_or_index_verified_2026_10_08","no_complete_full_text_required_for_recorded_claim"
"SRC036","UNOCA-DPPA-DPO-UNSSC 2024 workshop practice note published 2025","https://www.un.org/climatesecuritymechanism/en/media/223","UN Climate Security Mechanism","2025-04-02","post_hoc_practice_note","event_2024_excluded","Oct 2024 Gabon workshop; practice note published Apr 2025","Negative temporal control: publication 2025 does not change 2024 event date.","official_web_search_result_text_or_index_verified_2026_10_08","no_complete_full_text_required_for_recorded_claim"
"SRC037","2025 DPPA-DPO Haiti desk shared staff posting","https://inspira.un.org/psc/UNCAREERS/EMPLOYEE/HRMS/c/UN_CUSTOMIZATIONS.UN_JOB_DETAIL.GBL?JobOpeningId=254066&PostingSeq=1","UN Careers / DPPA-DPO Shared Structure","2025-03-05","official_staffing_structure_job_posting","2025","Temporary P4 posted in joint Haiti Team Americas Division","Evidence shared regional structure existed; no inference about billable output.","official_web_search_result_text_or_index_verified_2026_10_08","no_complete_full_text_required_for_recorded_claim"
"SRC038","UN Peace Operations review joint source page","https://peacekeeping.un.org/en/review-on-the-future-of-all-forms-of-un-peace-operations","UN Peacekeeping","2026-09-02","official_document_background","2026","DPPA DPO jointly led review issued 2026","Corroborates joint production; not a parallel duplicate report.","official_web_search_result_text_or_index_verified_2026_10_08","no_complete_full_text_required_for_recorded_claim"
"SRC039","UNOCA December 2025 Council official meeting catalogue","https://unoca.unmissions.org/en/unoca-reports-of-the-secretary-general","UNOCA","2026-10-08","official_report_event_index","2025","11 Dec 2025 UNOCA S/2025/772 briefing","Separate from UNOWAS Council briefing 18 Dec 2025.","official_web_search_result_text_or_index_verified_2026_10_08","no_complete_full_text_required_for_recorded_claim"
"SRC040","DPPA joint climate security mechanism overview","https://www.un.org/climatesecuritymechanism/en","UN Climate Security Mechanism","2026-10-08","official_program_context","2025_2026","DPPA-DPO-UNDP-UNEP CSM joint programme","CSM membership does not mean every single activity was co-organized by all four.","official_web_search_result_text_or_index_verified_2026_10_08","no_complete_full_text_required_for_recorded_claim"
