"line_id","measure","recorded_amount","unit_and_inclusion","source_anchor","accounting_control","implemented_post_level_proof","potential_incremental_savings"
"WF01","RSCE transactional payroll workload FTE removed","-25","model_FTE_not_positions","A/80/611 paras 54-56 p18","within_zero_based_model","not_supplied","not_estimated"
"WF02","Other processing and client staffing impact","-10","model_FTE_not_positions","A/80/611 paras 54-56 p18","within_zero_based_model","not_supplied","not_estimated"
"WF03","Kuwait Joint Support Office client demand","44","model_FTE_not_positions","A/80/611 paras 54-56 p18","within_zero_based_model","not_supplied","not_estimated"
"WF04","Resulting RSCE transactional FTE delta","9","net_of_WF01_to_WF03","A/80/611 para56 p18","subtotal_not_additive_to_components","not_supplied","not_estimated"
"WF05","Former KJSO client posts to be abolished","-82","proposed_posts_across_client_entities","A/80/643 para195 p43","different_scope_from_FTE_model","not_supplied","not_estimated"
"WF06","Additional UNMIK/UNFICYP client posts proposed abolish","-11","proposed_posts","A/80/643 para195 p43","separate_11_proposed_abolishements","not_supplied","not_estimated"
"WF07","New RSCE client transaction posts","44","proposed_new_transaction_posts","A/80/643 para195 p43","not_plus_WF03_same_positions","not_supplied","not_estimated"
"WF08","New RSCE management post","1","proposed_management_post","A/80/643 para195 p43","not_in_transaction_FTE_model","not_supplied","not_estimated"
"WF09","RSCE existing payroll posts shifted to DOS","17","reassignment_not_abolishment","A/80/643 para196 p43; A/80/631 para127 p60","change_ownership_not_staff_saving","not_supplied","not_estimated"
