"spm_id","report_status","itemized_amount_usd_thousands","valid_to_interpret_as_zero","source_addendum","scope"
"SPM001","not_separately_reported","not_reported","no","2","Voluntary_contributions_and_cost_recovery_distinct_from_regular_SPM_budget"
"SPM002","2027_amounts_explicitly_reported","450","no","2","Voluntary_contributions_and_cost_recovery_distinct_from_regular_SPM_budget"
"SPM003","not_separately_reported","not_reported","no","2","Voluntary_contributions_and_cost_recovery_distinct_from_regular_SPM_budget"
"SPM004","not_separately_reported","not_reported","no","2","Voluntary_contributions_and_cost_recovery_distinct_from_regular_SPM_budget"
"SPM005","not_separately_reported","not_reported","no","2","Voluntary_contributions_and_cost_recovery_distinct_from_regular_SPM_budget"
"SPM006","not_separately_reported","not_reported","no","2","Voluntary_contributions_and_cost_recovery_distinct_from_regular_SPM_budget"
"SPM007","2027_amounts_explicitly_reported","846.2","no","2","Voluntary_contributions_and_cost_recovery_distinct_from_regular_SPM_budget"
"SPM008","2027_amounts_explicitly_reported","2300","no","2","Voluntary_contributions_and_cost_recovery_distinct_from_regular_SPM_budget"
"SPM009","2027_amounts_explicitly_reported","4700","no","2","Voluntary_contributions_and_cost_recovery_distinct_from_regular_SPM_budget"
"SPM010","2027_amounts_explicitly_reported","123","no","2","Voluntary_contributions_and_cost_recovery_distinct_from_regular_SPM_budget"
"SPM011","2027_amounts_explicitly_reported","878.2","no","2","Voluntary_contributions_and_cost_recovery_distinct_from_regular_SPM_budget"
"SPM012","not_separately_reported","not_reported","no","2","Voluntary_contributions_and_cost_recovery_distinct_from_regular_SPM_budget"
"SPM013","not_separately_reported","not_reported","no","3","Voluntary_contributions_and_cost_recovery_distinct_from_regular_SPM_budget"
"SPM014","not_separately_reported","not_reported","no","3","Voluntary_contributions_and_cost_recovery_distinct_from_regular_SPM_budget"
"SPM015","not_separately_reported","not_reported","no","3","Voluntary_contributions_and_cost_recovery_distinct_from_regular_SPM_budget"
"SPM016","not_separately_reported","not_reported","no","3","Voluntary_contributions_and_cost_recovery_distinct_from_regular_SPM_budget"
"SPM017","not_separately_reported","not_reported","no","3","Voluntary_contributions_and_cost_recovery_distinct_from_regular_SPM_budget"
"SPM018","not_separately_reported","not_reported","no","3","Voluntary_contributions_and_cost_recovery_distinct_from_regular_SPM_budget"
"SPM019","not_separately_reported","not_reported","no","3","Voluntary_contributions_and_cost_recovery_distinct_from_regular_SPM_budget"
"SPM020","not_separately_reported","not_reported","no","3","Voluntary_contributions_and_cost_recovery_distinct_from_regular_SPM_budget"
"SPM021","not_separately_reported","not_reported","no","3","Voluntary_contributions_and_cost_recovery_distinct_from_regular_SPM_budget"
"SPM022","not_separately_reported","not_reported","no","3","Voluntary_contributions_and_cost_recovery_distinct_from_regular_SPM_budget"
"SPM023","not_separately_reported","not_reported","no","3","Voluntary_contributions_and_cost_recovery_distinct_from_regular_SPM_budget"
"SPM024","not_separately_reported","not_reported","no","3","Voluntary_contributions_and_cost_recovery_distinct_from_regular_SPM_budget"
"SPM025","not_separately_reported","not_reported","no","3","Voluntary_contributions_and_cost_recovery_distinct_from_regular_SPM_budget"
"SPM026","2027_amounts_explicitly_reported","1000","no","3","Voluntary_contributions_and_cost_recovery_distinct_from_regular_SPM_budget"
"SPM027","2027_amounts_explicitly_reported","103","no","3","Voluntary_contributions_and_cost_recovery_distinct_from_regular_SPM_budget"
"SPM028","2027_amounts_explicitly_reported","352.3","no","4","Voluntary_contributions_and_cost_recovery_distinct_from_regular_SPM_budget"
"SPM029","2027_amounts_explicitly_reported","40","no","4","Voluntary_contributions_and_cost_recovery_distinct_from_regular_SPM_budget"
"SPM030","explicit_no_2027_XB","0","yes_only_explicit","4","Voluntary_contributions_and_cost_recovery_distinct_from_regular_SPM_budget"
"SPM031","not_separately_reported","not_reported","no","4","Voluntary_contributions_and_cost_recovery_distinct_from_regular_SPM_budget"
"SPM032","2027_amounts_explicitly_reported","400","no","4","Voluntary_contributions_and_cost_recovery_distinct_from_regular_SPM_budget"
"SPM033","2027_amounts_explicitly_reported","1005.2","no","4","Voluntary_contributions_and_cost_recovery_distinct_from_regular_SPM_budget"
"SPM034","not_separately_reported","not_reported","no","4","Voluntary_contributions_and_cost_recovery_distinct_from_regular_SPM_budget"
"SPM035","2027_amounts_explicitly_reported","60.1","no","4","Voluntary_contributions_and_cost_recovery_distinct_from_regular_SPM_budget"
"SPM036","2027_amounts_explicitly_reported","20718.673","no","4","Voluntary_contributions_and_cost_recovery_distinct_from_regular_SPM_budget"
