"xb_id","spm_id","projected_2027_usd_thousands","funding_type","budget_symbol","pdf_page","paragraph","precision","financial_status"
"XB01","SPM002","450","voluntary_contribution","A/81/6 (Sect. 3)/Add.2","22","65","published_amount","projected_revenue_not_appropriated_savings"
"XB02","SPM007","846.2","voluntary_contribution","A/81/6 (Sect. 3)/Add.2","50","180","published_amount","projected_revenue_not_appropriated_savings"
"XB03","SPM008","2300","voluntary_contribution","A/81/6 (Sect. 3)/Add.2","57","204","published_amount","projected_revenue_not_appropriated_savings"
"XB04","SPM009","4700","voluntary_contribution","A/81/6 (Sect. 3)/Add.2","65","236","rounded_4.7m","projected_revenue_not_appropriated_savings"
"XB05","SPM010","123","voluntary_contribution","A/81/6 (Sect. 3)/Add.2","71","259","published_amount","projected_revenue_not_appropriated_savings"
"XB06","SPM011","878.2","voluntary_contribution","A/81/6 (Sect. 3)/Add.2","78","283","published_amount","projected_revenue_not_appropriated_savings"
"XB07","SPM026","1000","voluntary_contribution","A/81/6 (Sect. 3)/Add.3","82","265","published_amount","projected_revenue_not_appropriated_savings"
"XB08","SPM027","103","voluntary_contribution","A/81/6 (Sect. 3)/Add.3","90","289","published_amount","projected_revenue_not_appropriated_savings"
"XB09","SPM028","311.6","voluntary_contribution","A/81/6 (Sect. 3)/Add.4","21","43","published_amount","projected_revenue_not_appropriated_savings"
"XB10","SPM028","40.7","cost_recovery_receipt","A/81/6 (Sect. 3)/Add.4","21","44","published_amount","projected_revenue_not_appropriated_savings"
"XB11","SPM029","40","voluntary_contribution","A/81/6 (Sect. 3)/Add.4","28","71","published_amount","projected_revenue_not_appropriated_savings"
"XB12","SPM032","400","voluntary_contribution","A/81/6 (Sect. 3)/Add.4","54","151","published_amount","projected_revenue_not_appropriated_savings"
"XB13","SPM033","469.7","voluntary_contribution","A/81/6 (Sect. 3)/Add.4","76","197","published_amount","projected_revenue_not_appropriated_savings"
"XB14","SPM033","535.5","cost_recovery_receipt","A/81/6 (Sect. 3)/Add.4","76","198","published_amount","projected_revenue_not_appropriated_savings"
"XB15","SPM035","60.1","voluntary_contribution","A/81/6 (Sect. 3)/Add.4","109","277","published_amount","projected_revenue_not_appropriated_savings"
"XB16","SPM036","1763.673","voluntary_contribution","A/81/6 (Sect. 3)/Add.4","127","324","published_amount","projected_revenue_not_appropriated_savings"
"XB17","SPM036","18955","cost_recovery_receipt","A/81/6 (Sect. 3)/Add.4","127","327","published_amount","projected_revenue_not_appropriated_savings"
