"efficiency_id","cluster_id","initiative","projected_2027_efficiency_usd_thousands","function_class","source_anchor","status","incremental_2027_savings_available","attribution_rule"
"EFF001","I","Senior staff grade reductions","34.1","high_level_posts","Add2 p8 Table3","already_embedded_in_2027_SG_proposal","not_estimated","Do not double count as prospective consolidations; 2027 estimates not audited realization"
"EFF002","I","Relocate posts","6.8","location_assignment","Add2 p8 Table3","already_embedded_in_2027_SG_proposal","not_estimated","Do not double count as prospective consolidations; 2027 estimates not audited realization"
"EFF003","I","Dag Hammarskjold Library electronic subscription pooling","15","ICT_libraries","Add2 p8 Table3","already_embedded_in_2027_SG_proposal","not_estimated","Do not double count as prospective consolidations; 2027 estimates not audited realization"
"EFF004","I","Electric vehicle fleet","4.3","fleet_power","Add2 p8 Table3","already_embedded_in_2027_SG_proposal","not_estimated","Do not double count as prospective consolidations; 2027 estimates not audited realization"
"EFF005","I","Consolidated travel and virtual meetings","4.4","travel","Add2 p8 Table3","already_embedded_in_2027_SG_proposal","not_estimated","Do not double count as prospective consolidations; 2027 estimates not audited realization"
"EFF006","I","Energy-efficient lighting","2","facilities","Add2 p8 Table3","already_embedded_in_2027_SG_proposal","not_estimated","Do not double count as prospective consolidations; 2027 estimates not audited realization"
"EFF007","I","Online meetings and reduced interpretation","2","meeting_services","Add2 p8 Table3","already_embedded_in_2027_SG_proposal","not_estimated","Do not double count as prospective consolidations; 2027 estimates not audited realization"
"EFF008","II","Regional intelligence counterparts meeting format","5","expert_fees","Add3 p7 Table efficiency","already_embedded_in_2027_SG_proposal","not_estimated","Do not double count as prospective consolidations; 2027 estimates not audited realization"
"EFF009","II","Virtual meeting and travel consolidation","25","travel","Add3 p7 Table efficiency","already_embedded_in_2027_SG_proposal","not_estimated","Do not double count as prospective consolidations; 2027 estimates not audited realization"
"EFF010","II","Consolidated rental office equipment","11.7","facilities","Add3 p7 Table efficiency","already_embedded_in_2027_SG_proposal","not_estimated","Do not double count as prospective consolidations; 2027 estimates not audited realization"
"EFF011","II","Shared BINUH close protection","15","security","Add3 p7 Table efficiency","already_embedded_in_2027_SG_proposal","not_estimated","Do not double count as prospective consolidations; 2027 estimates not audited realization"
"EFF012","II","Internet-based telephony","6.8","ICT","Add3 p7 Table efficiency","already_embedded_in_2027_SG_proposal","not_estimated","Do not double count as prospective consolidations; 2027 estimates not audited realization"
"EFF013","III","UNSMIL commercial airlines for Guard Unit","338.6","military_deployment","Add4 p9 Table3","already_embedded_in_2027_SG_proposal","not_estimated","Do not double count as prospective consolidations; 2027 estimates not audited realization"
"EFF014","III","UNAMA 61 post abolishments and 2 downgrade","6489.9","staffing","Add4 p9 Table3","already_embedded_in_2027_SG_proposal","not_estimated","Do not double count as prospective consolidations; 2027 estimates not audited realization"
"EFF015","III","Colombia reduction of high-level staff","234.3","staffing","Add4 p9 Table3","already_embedded_in_2027_SG_proposal","not_estimated","Do not double count as prospective consolidations; 2027 estimates not audited realization"
"EFF016","III","Colombia nationalization of posts","61.8","staffing","Add4 p9 Table3","already_embedded_in_2027_SG_proposal","not_estimated","Do not double count as prospective consolidations; 2027 estimates not audited realization"
"EFF017","III","UNSMIL national capacity","164.1","staffing","Add4 p9 Table3","already_embedded_in_2027_SG_proposal","not_estimated","Do not double count as prospective consolidations; 2027 estimates not audited realization"
"EFF018","III","UNSMIL Tripoli compound revised contract","2630","facilities","Add4 p9 Table3","already_embedded_in_2027_SG_proposal","not_estimated","Do not double count as prospective consolidations; 2027 estimates not audited realization"
"EFF019","III","UNSCOL receives UNIFIL vehicles","394","ground_transport","Add4 p9 Table3","already_embedded_in_2027_SG_proposal","not_estimated","Do not double count as prospective consolidations; 2027 estimates not audited realization"
"EFF020","III","Colombia fixed-wing flight discontinuation","1605.7","air_operations","Add4 p10 Table3","already_embedded_in_2027_SG_proposal","not_estimated","Do not double count as prospective consolidations; 2027 estimates not audited realization"
"EFF021","III","UNOCA commercial airlines","62.1","air_operations","Add4 p10 Table3","already_embedded_in_2027_SG_proposal","not_estimated","Do not double count as prospective consolidations; 2027 estimates not audited realization"
"EFF022","III","BINUH uses UNSOH aviation on cost recovery","1400","air_operations","Add4 p10 Table3","already_embedded_in_2027_SG_proposal","not_estimated","Do not double count as prospective consolidations; 2027 estimates not audited realization"
"EFF023","III","UNAMA generator upgrade fuel efficiency","419.1","facilities","Add4 p10 Table3","already_embedded_in_2027_SG_proposal","not_estimated","Do not double count as prospective consolidations; 2027 estimates not audited realization"
"EFF024","III","UNSCOL generator rationalization","8.7","facilities","Add4 p10 Table3","already_embedded_in_2027_SG_proposal","not_estimated","Do not double count as prospective consolidations; 2027 estimates not audited realization"
"EFF025","III","UNAMA radio stations ICT staffing rates","414","ICT","Add4 p10 Table3","already_embedded_in_2027_SG_proposal","not_estimated","Do not double count as prospective consolidations; 2027 estimates not audited realization"
"EFF026","III","UNSCOL receives UNIFIL ICT equipment","36.9","ICT","Add4 p10 Table3","already_embedded_in_2027_SG_proposal","not_estimated","Do not double count as prospective consolidations; 2027 estimates not audited realization"
"EFF027","III","Colombia revised medical contract model","36","medical","Add4 p10 Table3","already_embedded_in_2027_SG_proposal","not_estimated","Do not double count as prospective consolidations; 2027 estimates not audited realization"
"EFF028","III","UNAMA medical contractual model","97","medical","Add4 p10 Table3","already_embedded_in_2027_SG_proposal","not_estimated","Do not double count as prospective consolidations; 2027 estimates not audited realization"
"EFF029","III","UNSCOL receives UNIFIL rations","7.2","supplies","Add4 p10 Table3","already_embedded_in_2027_SG_proposal","not_estimated","Do not double count as prospective consolidations; 2027 estimates not audited realization"
"EFF030","III","UNAMA lower freight acquisitions","88","supplies","Add4 p11 Table3","already_embedded_in_2027_SG_proposal","not_estimated","Do not double count as prospective consolidations; 2027 estimates not audited realization"
"EFF031","III","UNAMA ration substitution","73","supplies","Add4 p11 Table3","already_embedded_in_2027_SG_proposal","not_estimated","Do not double count as prospective consolidations; 2027 estimates not audited realization"
