"reuse_id","research_order","name","scope","canonical_activity_ids_or_dataset","retrospective_match_or_report_link_ids","classification","verified_source_finding","public_production_improvement","mandatory_output_safeguard","additional_cost_evidence_needed","evidence_readiness","additional_net_savings_usd","official_source_url","release_gate","analysis_window","sample_status"
"SOP01","1","Council report-to-briefing source provenance","reports_and_meetings","systematic_report_meeting_links_2025_2026.csv","RM001-RM014","existing_report_and_distinct_meeting_links","14 annotated associations, most with explicit SC agenda or UN WebTV source","Create one source-link register and brief ID per Council appearance; preserve each mandated document","SC report and oral briefing are separate authorized deliverables","report_preparation_may_reuse_inputs","high","not_estimated","https://main.un.org/securitycouncil/en/content/reports-submitted-transmitted-secretary-general-security-council-2025","proposal_only_without_transaction_id_and_mandate_clearance","2025_01_01_to_2026_10_08","purposive_case_based_not_estimated_population_rate"
"SOP02","2","UNOWAS-UNOCA joint Dakar workshop as source data","joint_events_and_Council_reports","EV003;EV010;EV011","MX003;MX010","verified_existing_joint_event_shared_fact","Same Dakar workshop is cited in two distinct SG regional reports","Single canonical workshop evidence and public source record; retain both country/region SG reports","Reports S/2025/187 and S/2025/342 are distinct SC-mandated final outputs","organizer_vending_possible_not_costed","high","not_estimated","https://unowas.unmissions.org/en/news/west-and-central-africa-unowas-and-unoca-pool-their-efforts-to-strengthen-peaceful","proposal_only_without_transaction_id_and_mandate_clearance","2025_01_01_to_2026_10_08","purposive_case_based_not_estimated_population_rate"
"SOP03","3","UNOWAS-UNOCA Nigeria one mission and nested forum","field_visits","EV001;EV002","MX001;MX002","verified_joint_delivery_nested_event","Jan 2025 joint regional mission includes Lake Chad Governors Forum as sub-event","Shared itinerary and expense/meeting IDs; don't count nested forum as independent travel","Country briefings and ECOWAS/ECCAS political roles remain distinct","common_logistics_already_joint","high","not_estimated","https://unowas.unmissions.org/en/news/unoca-and-unowas-renew-their-joint-commitment-to-support-stabilization-and","proposal_only_without_transaction_id_and_mandate_clearance","2025_01_01_to_2026_10_08","purposive_case_based_not_estimated_population_rate"
"SOP04","4","Single mission visit across multiple UNOCA press notices","field_visits_and_publications","FTX011","not_applicable","one_mission_several_press_notices","UNOCA São Tomé and Príncipe introductory trip July 11–16 2026 has multiple published notices","Deduplicate reports/news by unique trip event and date/location before counting missions","A news URL is not an additional separate trip or budget","likely_duplicate_news_about_one_event_not_duplicate_paid_mission","high","not_estimated","https://unoca.unmissions.org/en/press-releases/srsg-mohamed-el-amine-souef-calls-for-the-preservation-of-sao-tome-and","proposal_only_without_transaction_id_and_mandate_clearance","2025_01_01_to_2026_10_08","purposive_case_based_not_estimated_population_rate"
"SOP05","5","UNRCCA-UNAMA academy recurring joint sessions","training","EV018;FTX006","MX015","repeat_joint_academy_events_distinct_cohorts","22 Apr 2025 and 28 Apr 2026 academy events feature UNAMA cooperation; these are distinct sessions","Share updated core case studies and trainer roster with audited course/event identifiers","Youth cohorts and yearly learning outcomes are not interchangeable","reusable_modules_hypothesis","high","not_estimated","https://unrcca.unmissions.org/en/news/unrcca-and-unama-engage-youth-in-preventive-diplomacy-academy-session-on-regional-peace","proposal_only_without_transaction_id_and_mandate_clearance","2025_01_01_to_2026_10_08","purposive_case_based_not_estimated_population_rate"
"SOP06","6","UNRCCA-DPPA AI training reuses existing Peace and Security Data Hub","training_and_analytics","FTX007","not_applicable","existing_cross_department_platform_referenced","UNRCCA May 2026 academy includes DPPA Innovation Cell briefing on DPPA-DPO joint Data Hub","Build shared source and learning module registry, verify actual Data Hub role/access","DPPA's named participation does not prove DPO separately delivered the same course","common_platform_reuse_possible","medium_high","not_estimated","https://unrcca.unmissions.org/en/news/unrccas-preventive-diplomacy-academy-convenes-dialogue-on-ai-and-digital-innovation-in","proposal_only_without_transaction_id_and_mandate_clearance","2025_01_01_to_2026_10_08","purposive_case_based_not_estimated_population_rate"
"SOP07","7","UNRCCA-UNAMA water forum panel shared delivery","training_and_regional_convening","FTX008","not_applicable","reported_joint_panel_not_distinct_forum","UNRCCA, UNAMA and Swiss organizers convened one 25 May 2026 panel inside a larger conference","Event-source ID and reusable water-risk briefing packet across two mandates","Do not count subpanel as additional multi-day conference or assume all delegates co-organizers","event_planning_shared_not_duplicated","medium_high","not_estimated","https://unrcca.unmissions.org/en/news/srsg-kaha-imnadze-participates-in-the-pre-conference-forum-on-transboundary-cooperation","proposal_only_without_transaction_id_and_mandate_clearance","2025_01_01_to_2026_10_08","purposive_case_based_not_estimated_population_rate"
"SOP08","8","DPPA-DPO shared public women leading peace exhibit","cross_pillar_communications","FTX001","not_applicable","verified_existing_joint_outreach","DPPA/DPO with UN Women/Elsie Fund exhibited shared Photoville June 2025 project","Shared approved exhibit assets and communications master files for missions; rights/access check","Public event is not mandated SC report or repeated DPPA/DPO billing proof","joint_product_already_exists","medium","not_estimated","https://peacekeeping.un.org/en/news/when-women-lead-peace-follows-un-brings-stories-of-women-leading-peace-to","proposal_only_without_transaction_id_and_mandate_clearance","2025_01_01_to_2026_10_08","purposive_case_based_not_estimated_population_rate"
"SOP09","9","DPPA-DPO joint strategic peace operations guidance","joint_policies","EV027;EV028","MX023;MX024","verified_existing_joint_policy","DPO, DPPA and DOS co-endorsed mission-planning guidance and DPPA/DPO joint SG review","Maintain single versioned guidance/review document and dual-mandate endorsement","Cannot count already-joint policy output as new post consolidation opportunity","no_new_cuts_just_existing_shared_work","high","not_estimated","https://peacekeeping.un.org/en/review-on-the-future-of-all-forms-of-un-peace-operations","proposal_only_without_transaction_id_and_mandate_clearance","2025_01_01_to_2026_10_08","purposive_case_based_not_estimated_population_rate"
"SOP10","10","UNOWAS–ECOWAS–Commonwealth Sierra Leone mission","field_visits","FTX005","not_applicable","joint_with_external_partners_not_UNOCA","13–20 April 2026 assessment visit jointly with ECOWAS and Commonwealth, UNOCA not identified","Share external-partner itinerary and civil/political event preparation where authorized","Never infer UNOCA had an independent parallel mission from same West African geographic label","partner_coordination_not_DPPADPO_duplicate","high","not_estimated","https://unowas.unmissions.org/en/node/135074","proposal_only_without_transaction_id_and_mandate_clearance","2025_01_01_to_2026_10_08","purposive_case_based_not_estimated_population_rate"
"SOP11","11","UNOWAS–UNODC new drugs workshop","training_and_policy","FTX010","not_applicable","one_joint_non_UNOCA_event","23 Jun 2026 UNOWAS and UNODC workshop, not described as UNOCA co-organized","Reuse technical input/case materials while retaining separate crime prevention and diplomacy roles","Exclude UNOCA from coorganizers unless evidenced","multi_agency_event_not_same_costed_delivery","medium","not_estimated","https://unowas.unmissions.org/en/news/lemergence-de-nouvelles-drogues-au-senegal-une-mobilisation-collective-pour-proteger-la","proposal_only_without_transaction_id_and_mandate_clearance","2025_01_01_to_2026_10_08","purposive_case_based_not_estimated_population_rate"
"SOP12","12","Repeated OSINT/AI early-warning training cohorts","training","EV033;EV034","MX029","similar_curriculum_different_event","UNRCCA/UNOCT Tashkent and Astana courses July 2025 target different nations and cohorts","Potential shared licensing and reusable slide modules; verify trainer contracts and actual same materials","Different trainee groups constitute separate necessary deliverables","content_reuse_needs_direct_module_verification","medium_high","not_estimated","https://unrcca.unmissions.org/en/news/unrcca-co-organizes-third-training-central-asia-enhancing-counter-terrorism-early","proposal_only_without_transaction_id_and_mandate_clearance","2025_01_01_to_2026_10_08","purposive_case_based_not_estimated_population_rate"
"SOP13","13","Distinct UNOCA and UNOWAS Council records","distinct_Council_mandates","EV012;EV013;EV016;EV017","MX011;MX013","distinct_authorized_reports_and_meetings","SG S/2025/771 and S/2025/772 are separate reports; PV10060 and PV10073 separate dates","Preserve distinct country/region reports; common fact packs only if matched source content","No merger of legal reporting duties from identical issue dates","negative_control_on_reports","high","not_estimated","https://main.un.org/securitycouncil/en/content/reports-submitted-transmitted-secretary-general-security-council-2025","proposal_only_without_transaction_id_and_mandate_clearance","2025_01_01_to_2026_10_08","purposive_case_based_not_estimated_population_rate"
"SOP14","14","Formal meeting resumption documents","council_meeting_index","systematic_sc_meetings_2025_2026.csv","not_applicable","metadata_quality_control","2025: 296 PV variants but 255 distinct meeting IDs; 2026: 178 variants 151 base IDs","Key formal meetings by S/PV base rather than each resumption document","Informal consultations are not S/PV records, speech attribution requires transcript","prevents_false_activity_count","high","not_estimated","https://ydsftksff8.execute-api.us-east-1.amazonaws.com/dev/render_meeting/scmeetings_2025/EN","proposal_only_without_transaction_id_and_mandate_clearance","2025_01_01_to_2026_10_08","purposive_case_based_not_estimated_population_rate"
"SOP15","15","UNRCCA archive access blocked","field_training_census_coverage","mission_archive_coverage_2025_2026.csv;FTX006;FTX007;FTX008","not_applicable","source_coverage_exception","UNRCCA archive listing inaccessible in automated harvest, while individual official pages verify UNRCCA activities","Use direct official articles/report references; do not code 0 archive notices as 0 events","No whole-UN training or field activity census from five-site bounded headlines","source_coverage_gap_not_efficiency","high","not_estimated","https://unrcca.unmissions.org/en/news","proposal_only_without_transaction_id_and_mandate_clearance","2025_01_01_to_2026_10_08","purposive_case_based_not_estimated_population_rate"
"SOP16","16","UN mission formal Council reporting versus topic similarity","council_mandate_evidence","systematic_sg_reports_2025_2026.csv","RM001-RM014","distinct_report_to_meeting_relationship","14 source-grade-linked SG report/meeting pairs, with index dates and separate S/PV agenda records","Standardize report-to-meeting citations and joint dossier provenance without collapsing distinct mandate reports","One report plus one oral briefing are separate legal output types","reusable_inputs_not_reducible_outputs","high","not_estimated","https://main.un.org/securitycouncil/en/content/reports-submitted-transmitted-secretary-general-security-council-2026","proposal_only_without_transaction_id_and_mandate_clearance","2025_01_01_to_2026_10_08","purposive_case_based_not_estimated_population_rate"
