canonical_id,source_layer,kind,activity_or_output,entities_and_roles,reported_start,reported_end,date_precision,publisher_article_date,official_source_url,source_id,event_year_eligibility,canonical_event_financial_unit,actual_paid_duplicate,new_net_savings_usd,caution
EV001,Phase10_adjudicated_public,field_visit,UNOWAS+UNOCA joint high-level visit to Nigeria/Borno/Bama,UNOWAS: joint lead; UNOCA: joint lead,2025-01-27,2025-01-31,source_record_dates,not_separately_available,https://unowas.unmissions.org/en/news/unoca-and-unowas-renew-their-joint-commitment-to-support-stabilization-and,SRC003,2025_26_evidence_item,no,not_verified,not_estimated,field_mission
EV002,Phase10_adjudicated_public,meeting,Fifth Lake Chad Basin Governors Forum in Maiduguri,LCBC: regional forum; UNOWAS/UNOCA: joint participants,2025-01-29,2025-01-31,source_record_dates,not_separately_available,https://unowas.unmissions.org/en/news/unoca-and-unowas-renew-their-joint-commitment-to-support-stabilization-and,SRC003,2025_26_evidence_item,no,not_verified,not_estimated,nested_forum_not_extra_field_mission
EV003,Phase10_adjudicated_public,training_workshop,Dakar joint farmer-herder conflict and transhumance workshop,UNOWAS and UNOCA: co-organizers; ECOWAS/ECCAS and other partners: participants,2025-02-26,2025-02-27,source_record_dates,not_separately_available,https://unowas.unmissions.org/en/news/west-and-central-africa-unowas-and-unoca-pool-their-efforts-to-strengthen-peaceful,SRC007,2025_26_evidence_item,no,not_verified,not_estimated,one_workshop_multi_source
EV004,Phase10_adjudicated_public,publication,Best-practice collection on farmer-herder conflict issued at Dakar workshop,UNOCA: compilation lead; UNOWAS: joint-event partner,2025-02-27,2025-02-27,source_record_dates,not_separately_available,https://unoca.unmissions.org/sites/default/files/2025-12/28th_sg_report_on_the_situation_in_central_africa_and_the_activities_of_the_unoca.pdf,SRC005,2025_26_evidence_item,no,not_verified,not_estimated,supporting_publication_not_second_workshop
EV005,Phase10_adjudicated_public,meeting,Women peace and security cross-regional online exchange,UNOCA: convener; UNOWAS and Great Lakes envoy: participants,2025-02-17,2025-02-17,source_record_dates,not_separately_available,https://unoca.unmissions.org/sites/default/files/2025-12/28th_sg_report_on_the_situation_in_central_africa_and_the_activities_of_the_unoca.pdf,SRC005,2025_26_evidence_item,no,not_verified,not_estimated,separate_from_2025_Dakar_workshop
EV006,Phase10_adjudicated_public,meeting,UNOCA and UNOWAS online joint regional risks review,UNOCA and UNOWAS: mutual participants,2025-04-08,2025-04-08,source_record_dates,not_separately_available,https://unoca.unmissions.org/sites/default/files/2025-12/28th_sg_report_on_the_situation_in_central_africa_and_the_activities_of_the_unoca.pdf,SRC005,2025_26_evidence_item,no,not_verified,not_estimated,single_meeting_not_two
EV007,Phase10_adjudicated_public,meeting,Joint review of 2025 UNOWAS and UNOCA activities,UNOCA and UNOWAS: joint review,2025-10-30,2025-10-30,source_record_dates,not_separately_available,https://documents.un.org/api/symbol/access?l=en&s=S%2F2025%2F772&t=pdf,SRC009,2025_26_evidence_item,no,not_verified,not_estimated,reported_once_not_two_costed_reviews
EV008,Phase10_adjudicated_public,field_visit,UNSC climate security informal expert group visit to Chad,"UNSC IEG: lead; UNOCA and UNOWAS advisers, DPPA-DPO regional team: accompanying participants",2025-12-07,2025-12-12,source_record_dates,not_separately_available,https://www.un.org/climatesecuritymechanism/en/news/unsc-informal-expert-group-visits-chad-address-climate-peace-and-security-challenges-lake-chad,SRC013,2025_26_evidence_item,no,not_verified,not_estimated,not_UNOWAS_UNOCA_alone_organizers
EV009,Phase10_adjudicated_public,meeting,UNOWAS–UNOCA desk-to-desk regional security review,UNOWAS and UNOCA: joint desk meeting,2026-04-28,2026-04-28,source_record_dates,not_separately_available,https://unoca.unmissions.org/sites/default/files/2026-06/sg_report_on_unoca_s_2026.445_e.pdf.pdf,SRC011,2025_26_evidence_item,no,not_verified,not_estimated,one_reported_meeting
EV010,Phase10_adjudicated_public,security_council_report,SG activities UNOWAS report,UNOWAS: reporting focus; UN Secretary-General: issuer,2025-03-26,2025-03-26,source_record_dates,not_separately_available,https://documents.un.org/api/symbol/access?l=en&s=S%2F2025%2F187&t=pdf,SRC006,2025_26_evidence_item,no,not_verified,not_estimated,reports_EV001_and_EV003_with_unique_symbol
EV011,Phase10_adjudicated_public,security_council_report,SG situation Central Africa and UNOCA report,UNOCA: reporting focus; UN Secretary-General: issuer,2025-05-30,2025-05-30,source_record_dates,not_separately_available,https://unoca.unmissions.org/sites/default/files/2025-12/28th_sg_report_on_the_situation_in_central_africa_and_the_activities_of_the_unoca.pdf,SRC005,2025_26_evidence_item,no,not_verified,not_estimated,reports_EV001_and_EV003_with_unique_symbol
EV012,Phase10_adjudicated_public,security_council_report,SG activities UNOWAS second-half report,UNOWAS: reporting focus; SG: issuer,2025-11-28,2025-11-28,source_record_dates,not_separately_available,https://main.un.org/securitycouncil/en/content/reports-submitted-transmitted-secretary-general-security-council-2025,SRC010,2025_26_evidence_item,no,not_verified,not_estimated,same_issue_date_as_S2025_772_not_same_report
EV013,Phase10_adjudicated_public,security_council_report,SG situation Central Africa and UNOCA second-half report,UNOCA: reporting focus; SG: issuer,2025-11-28,2025-11-28,source_record_dates,not_separately_available,https://documents.un.org/api/symbol/access?l=en&s=S%2F2025%2F772&t=pdf,SRC009,2025_26_evidence_item,no,not_verified,not_estimated,reports_2025_oct30_joint_review
EV014,Phase10_adjudicated_public,security_council_report,SG situation Central Africa and UNOCA first-half report,UNOCA: reporting focus; SG: issuer,2026-05-29,2026-05-29,source_record_dates,not_separately_available,https://unoca.unmissions.org/sites/default/files/2026-06/sg_report_on_unoca_s_2026.445_e.pdf.pdf,SRC011,2025_26_evidence_item,no,not_verified,not_estimated,reports_EV009
EV015,Phase10_adjudicated_public,security_council_report,SG activities UNOWAS first-half report,UNOWAS: reporting focus; SG: issuer,2026-06-30,2026-06-30,source_record_dates,not_separately_available,https://main.un.org/securitycouncil/en/content/reports-submitted-transmitted-secretary-general-security-council-2026,SRC012,2025_26_evidence_item,no,not_verified,not_estimated,different_report_and_issue_date_from_S2026_445
EV016,Phase10_adjudicated_public,security_council_briefing,UNOCA briefing to Security Council,UNOCA SRSG Abdou Abarry: briefer,2025-12-11,2025-12-11,source_record_dates,not_separately_available,https://unoca.unmissions.org/en/unoca-reports-of-the-secretary-general,SRC014,2025_26_evidence_item,no,not_verified,not_estimated,one_UNOCA_briefing
EV017,Phase10_adjudicated_public,security_council_briefing,UNOWAS briefing to Security Council,UNOWAS Deputy SRSG Barrie Freeman: briefer,2025-12-18,2025-12-18,source_record_dates,not_separately_available,https://unowas.unmissions.org/en/news/unsc-dsrsg-freeman-warns-persistent-fragility-west-africa-and-sahel-and-calls-increased,SRC015,2025_26_evidence_item,no,not_verified,not_estimated,seven_days_after_UNOCA_meeting
EV018,Phase10_adjudicated_public,training_workshop,Preventive Diplomacy Academy UN system and political missions online session,UNRCCA: host; UNAMA: cooperation and two speakers,2025-04-22,2025-04-22,source_record_dates,not_separately_available,https://unrcca.unmissions.org/en/news/unrccas-preventive-diplomacy-academy-explores-legacy-un-and-role-political-missions,SRC017,2025_26_evidence_item,no,not_verified,not_estimated,one_online_session
EV019,Phase10_adjudicated_public,meeting,UNRCCA 15th Deputy Foreign Ministers annual meeting Almaty,UNRCCA: convened; UNAMA acting SRSG: participated,2025-11-27,2025-11-28,source_record_dates,not_separately_available,https://unrcca.unmissions.org/en/news/unrcca-convenes-fifteenth-annual-meeting-deputy-foreign-ministers-central-asian-states,SRC019,2025_26_evidence_item,no,not_verified,not_estimated,not_UNAMA_joint_host
EV020,Phase10_adjudicated_public,training_workshop,Climate security and peacebuilding staff capacity workshop Ashgabat,DPPA and UNSSC: organizers; UNRCCA host/cooperation; UNAMA: cooperation and attendees,2026-02-17,2026-02-19,source_record_dates,not_separately_available,https://unrcca.unmissions.org/en/news/unrcca-co-organizes-workshop-strengthening-climate-security-and-peacebuilding,SRC018,2025_26_evidence_item,no,not_verified,not_estimated,DPO_not_individually_named_as_workshop_organizer
EV021,Phase10_adjudicated_public,meeting,Eighth EU/Central Asia envoys meeting on Afghanistan,Kazakhstan MFA: host; UNRCCA and UNAMA: UN participants,2026-06-15,2026-06-15,source_record_dates,not_separately_available,https://unrcca.unmissions.org/en/news/srsg-kaha-imnadze-participates-in-the-eighth-meeting-of-special-representatives-and,SRC020,2025_26_evidence_item,no,not_verified,not_estimated,not_coowned_UN_meeting
EV022,Phase10_adjudicated_public,training_workshop,Counterterrorism early-warning risk assessment and indicators course Termez,UNRCCA and UNOCT: organizers; UNAMA: one of participating entities,2025-09-15,2025-09-19,source_record_dates,not_separately_available,https://unrcca.unmissions.org/en/news/unrcca-co-organizes-regional-training-risk-assessment-and-indicators,SRC021,2025_26_evidence_item,no,not_verified,not_estimated,not_UNAMA_coorganized
EV023,Phase10_adjudicated_public,security_council_report,SG Afghanistan quarterly report December 2025,UNAMA country mission: substantive focus; SG: issuer,2025-12-03,2025-12-03,source_record_dates,not_separately_available,https://main.un.org/securitycouncil/en/content/reports-submitted-transmitted-secretary-general-security-council-2025,SRC022,2025_26_evidence_item,no,not_verified,not_estimated,no_equivalent_UNRCCA_SG_report_verified
EV024,Phase10_adjudicated_public,security_council_report,SG Afghanistan report February 2026,UNAMA country mission: substantive focus; SG: issuer,2026-02-27,2026-02-27,source_record_dates,not_separately_available,https://unama.unmissions.org/sites/default/files/2026-03/SG%20Report%20Afghanistan%20S-2026-99.pdf,SRC023,2025_26_evidence_item,no,not_verified,not_estimated,not_same_as_unrcca_training_event
EV025,Phase10_adjudicated_public,security_council_briefing,UNAMA Afghanistan Security Council briefing,UNAMA Deputy SRSG Georgette Gagnon: briefer,2025-12-10,2025-12-10,source_record_dates,not_separately_available,https://main.un.org/securitycouncil/en/content/reports-submitted-transmitted-secretary-general-security-council-2025,SRC022,2025_26_evidence_item,no,not_verified,not_estimated,UNRCCA_not_issuer_of_this_briefing
EV026,Phase10_adjudicated_public,meeting,Joint DPPA-DPO General Assembly peace operations review consultation,DPPA and DPO: jointly conducting review; GA convened consultation,2025-05-27,2025-05-27,source_record_dates,not_separately_available,https://dppa.un.org/en/speeches-and-statements/remarks-by-usg-rosemary-dicarlo-at-the-dppa-dpo-consultation-with-the,SRC027,2025_26_evidence_item,no,not_verified,not_estimated,one_consultation_not_two
EV027,Phase10_adjudicated_public,joint_guidance,Guidelines on Mission Concept and Mission Plan issued,"DPO, DPPA and DOS: co-endorsers",2025-04-01,2025-04-30,approximate_or_month,not_separately_available,https://peacekeeping.un.org/sites/default/files/a4p_7th_progress_report.pdf,SRC029,2025_26_evidence_item,no,not_verified,not_estimated,source_reports_month_only_do_not_infer_day
EV028,Phase10_adjudicated_public,joint_report,Future of All Forms of UN Peace Operations review joint SG report,DPPA and DPO: joint review leads; SG: report issuer,2026-07-22,2026-07-22,source_record_dates,not_separately_available,https://www.un.org/un80-initiative/en/all-un80-related-resources-and-documents,SRC028,2025_26_evidence_item,no,not_verified,not_estimated,one_joint_report_not_two_separate_products
EV029,Phase10_adjudicated_public,security_council_briefing,Haiti Security Council briefing by joint regional ASG,ASG Miroslav Jenca: one DPPA/DPO joint department briefer,2025-07-02,2025-07-02,source_record_dates,not_separately_available,https://dppa.un.org/en/node/101607,SRC024,2025_26_evidence_item,no,not_verified,not_estimated,single_briefing_no_duplicate_record
EV030,Phase10_adjudicated_public,security_council_briefing,Ukraine Security Council briefing by joint regional ASG,ASG Miroslav Jenca: one DPPA/DPO joint department briefer,2025-08-01,2025-08-01,source_record_dates,not_separately_available,https://dppa.un.org/en/speeches-and-statements/escalating-violence-in-ukraine-underscores-urgent-need-for-diplomacy,SRC025,2025_26_evidence_item,no,not_verified,not_estimated,single_briefing_no_duplicate_record
EV031,Phase10_adjudicated_public,security_council_briefing,Palestine Council meeting by ASG Khiari DPPA/DPO,ASG Khaled Khiari: one briefer for joint pillar,2026-04-28,2026-04-28,source_record_dates,not_separately_available,https://www.un.org/unispal/document/security-council-meeting-record-eighty-first-year-10146th-meeting-briefing-by-mr-khaled-khiari-assistant-secretary-general-dppa-dpo-s-pv-10146/,SRC026,2025_26_evidence_item,no,not_verified,not_estimated,one_meeting_one_briefing_record
EV032,Phase10_adjudicated_public,staffing_structural,Shared DPPA-DPO Americas Haiti Team P-4 job posting,Joint Americas Division: one integrated recruitment,2025-03-05,2025-03-18,source_record_dates,not_separately_available,https://inspira.un.org/psc/UNCAREERS/EMPLOYEE/HRMS/c/UN_CUSTOMIZATIONS.UN_JOB_DETAIL.GBL?JobOpeningId=254066&PostingSeq=1,SRC037,2025_26_evidence_item,no,not_verified,not_estimated,recruitment_is_not_a_product_or_saving
EV033,Phase10_adjudicated_public,training_workshop,UNRCCA/UNOCT OSINT and AI early warning Tashkent course,UNRCCA UNOCT: organizers; Tajikistan and Uzbekistan: state trainees,2025-07-21,2025-07-22,source_record_dates,not_separately_available,https://unrcca.unmissions.org/en/news/unrcca-co-organizes-second-training-central-asia-enhancing-counter-terrorism-early,SRC034,2025_26_evidence_item,no,not_verified,not_estimated,content_family_shared_with_EV034_not_same_event
EV034,Phase10_adjudicated_public,training_workshop,UNRCCA/UNOCT OSINT and AI early warning Astana course,UNRCCA UNOCT: organizers; Kazakhstan and Kyrgyzstan: state trainees,2025-07-24,2025-07-25,source_record_dates,not_separately_available,https://unrcca.unmissions.org/en/news/unrcca-co-organizes-third-training-central-asia-enhancing-counter-terrorism-early,SRC035,2025_26_evidence_item,no,not_verified,not_estimated,distinct_country_cohort_from_EV033
EV035,Phase10_adjudicated_public,training_workshop,DPPA E-Analytics and Innovation seventh course New York,DPPA Innovation Cell/QCRI: organizers; joint DPPA/DPO Americas staff: one participant,2025-12-02,2025-12-05,source_record_dates,not_separately_available,https://www.un.org/en/node/238185,SRC031,2025_26_evidence_item,no,not_verified,not_estimated,DPO_not_documented_as_organizer
EV036,Phase10_adjudicated_public,training_syllabus,UNMISS/UNPOL climate-security policing syllabus,"UNMISS, UNPOL and CSM: joint training resource developers",2025-08-01,2025-08-31,approximate_or_month,not_separately_available,https://www.un.org/climatesecuritymechanism/en/media/381,SRC032,2025_26_evidence_item,no,not_verified,not_estimated,publication_2025_11_24_event_month_2025_08
EV037,Phase10_adjudicated_public,training_workshop,DPPA-PBSO Turin climate/peace/security project programming workshop,"DPPA PBSO, UNSSC, CSM: organizers",2025-06-01,2025-06-05,approximate_or_month,not_separately_available,https://dppa.un.org/en/news/this-week-in-dppa-31-may-5-june-2025,SRC033,2025_26_evidence_item,no,not_verified,not_estimated,exact_workshop_days_not_verified_use_first_week_approx
EV038,Phase10_adjudicated_public,practice_note,UNOCA DPPA DPO UNSSC climate workshop in Gabon,UNOCA/DPPA/DPO/UNSSC: co-organized 2024 workshop,2024-10-01,2024-10-31,out_of_window_2024,not_separately_available,https://www.un.org/climatesecuritymechanism/en/media/223,SRC036,excluded_2024,no,not_verified,not_estimated,do_not_inflate_2025_activity_counts_from_publication_date
FTX001,Phase11_curated_public_article,joint_public_exhibition,"Through Her Lens women leading peace Photoville 2025 exhibit, Brooklyn",joint_organizers,2025-06-07,2025-06-07,exact_event_day,2025-06-12,https://peacekeeping.un.org/en/news/when-women-lead-peace-follows-un-brings-stories-of-women-leading-peace-to,FTX001,2025_26_evidence_item,no,not_verified,not_estimated,New actual crosspillar outreach product distinct from mandated Council reports
FTX002,Phase11_curated_public_article,workshop,Cross-regional prevention of foreign terrorist fighters judicial security workshop,UNODC_organizer_UNRCCA_participant,2025-09-23,2025-09-25,exact_range,2025-09-25,https://unrcca.unmissions.org/en/news/unrcca-participates-cross-regional-workshop-strengthening-cooperation-prevent-and,FTX002,2025_26_evidence_item,no,not_verified,not_estimated,Attending does not create a UNRCCA-owned course
FTX003,Phase11_curated_public_article,conference_training,Fifth CT Early Warning Network regional conference and OSINT training,UNRCCA_UNOCT_organizers_UNAMA_present,2025-10-13,2025-10-16,exact_range,2025-10-17,https://unrcca.unmissions.org/en/node/50836,FTX003,2025_26_evidence_item,no,not_verified,not_estimated,Annual conference and related training; avoid counting sessions twice if nested
FTX004,Phase11_curated_public_article,training_academy,UNRCCA 2026 Preventive Diplomacy Academy online opening,UNRCCA_host_UNAMA_not_listed_as_coorganizer,2026-04-08,2026-04-08,exact_event_day,2026-04-09,https://unrcca.unmissions.org/en/news/unrcca-launches-2026-preventive-diplomacy-academy-with-online-opening-session,FTX004,2025_26_evidence_item,no,not_verified,not_estimated,Different 2026 cohort from prior 2025 session; do not imply same course ID
FTX005,Phase11_curated_public_article,field_mission,Third assessment mission on Sierra Leone Agreement for National Unity,joint_guarantor_assessment_not_UNOCA,2026-04-13,2026-04-20,exact_range,2026-04-20,https://unowas.unmissions.org/en/node/135074,FTX005,2025_26_evidence_item,no,not_verified,not_estimated,One guarantors mission; UNOCA not named as participant/co-organizer
FTX006,Phase11_curated_public_article,training_academy,PDA dialogue Central Asia and Afghanistan regional peace/security youth,UNRCCA_2026_PDA_and_UNAMA_cooperation,2026-04-28,2026-04-28,exact_event_day,2026-04-29,https://unrcca.unmissions.org/en/news/unrcca-and-unama-engage-youth-in-preventive-diplomacy-academy-session-on-regional-peace,FTX006,2025_26_evidence_item,no,not_verified,not_estimated,Different cohort and date from 2025 Academy; shared educational delivery exists
FTX007,Phase11_curated_public_article,training_academy,AI and digital innovation in conflict prevention Academy session,UNRCCA_organizer_DPPA_Innovation_Cell_briefing,2026-05-13,2026-05-13,exact_event_day,2026-05-14,https://unrcca.unmissions.org/en/news/unrccas-preventive-diplomacy-academy-convenes-dialogue-on-ai-and-digital-innovation-in,FTX007,2025_26_evidence_item,no,not_verified,not_estimated,"DPPA and DPO joint Peace and Security Data Hub shown, but DPO not a separately billed trainer"
FTX008,Phase11_curated_public_article,workshop_panel,Dushanbe transboundary water-cooperation thematic panel including Afghanistan,joint_water_panel_organizers,2026-05-25,2026-05-25,exact_event_day,2026-05-26,https://unrcca.unmissions.org/en/news/srsg-kaha-imnadze-participates-in-the-pre-conference-forum-on-transboundary-cooperation,FTX008,2025_26_evidence_item,no,not_verified,not_estimated,One UNRCCA/UNAMA/Swiss panel hosted inside wider conference
FTX009,Phase11_curated_public_article,strategic_publication,UNOCA Climate Peace and Security Strategy Central Africa launched February 2026,UNOCA_lead_strategy_consulted_partners,2026-02-01,2026-02-28,month_only,2026-06-08,https://unoca.unmissions.org/en/news/unoca-launches-its-climate-peace-and-security-strategy-for-central-africa,FTX009,2025_26_evidence_item,no,not_verified,not_estimated,June article announces February launch; separate publication and release date
FTX010,Phase11_curated_public_article,workshop,Emerging drugs Senegal workshop Dakar,UNOWAS_UNODC_joint_organizers_UNOCA_not_named,2026-06-23,2026-06-23,exact_event_day,2026-06-23,https://unowas.unmissions.org/en/news/lemergence-de-nouvelles-drogues-au-senegal-une-mobilisation-collective-pour-proteger-la,FTX010,2025_26_evidence_item,no,not_verified,not_estimated,UNOWAS workshop with UNODC; cannot call UNOCA joint work
FTX011,Phase11_curated_public_article,field_mission,UNOCA Special Representative introductory Sao Tome and Principe mission,UNOCA_introductory_good_offices_mission,2026-07-11,2026-07-16,exact_range,2026-07-18,https://unoca.unmissions.org/en/press-releases/srsg-mohamed-el-amine-souef-calls-for-the-preservation-of-sao-tome-and,FTX011,2025_26_evidence_item,no,not_verified,not_estimated,"Multiple July 13/14/18 notices for one mission, not three visits"
FTX012,Phase11_curated_public_article,field_mission,UNOCA Special Representative N Djamena introductory mission,UNOCA_first_contacts_Chad,not_verified,2026-08-03,end_only,2026-08-03,https://unoca.unmissions.org/en/news/srsg-souef-concludes-his-mission-on-first-contacts-with-national-authorities-in-ndjamena,FTX012,2025_26_evidence_item,no,not_verified,not_estimated,"Week-long mission reported as concluded 3 Aug, start date not verified"
FTX013,Phase11_curated_public_article,training_academy,UNRCCA Preventive Diplomacy Academy Peace Circle on gender climate jobs,UNRCCA_Peace_Circle_organizer,2026-09-30,2026-09-30,exact_event_day,2026-10-01,https://unrcca.unmissions.org/en/news/unrcca-preventive-diplomacy-academy-convenes-peace-circle-with-young-participants-from,FTX013,2025_26_evidence_item,no,not_verified,not_estimated,Central Asian/Afghan cohort does not mean UNAMA jointly organized
FTX014,Phase11_curated_public_article,analytical_publication,Climate Peace and Security Assessment eastern Chad,UNOCA_publisher,2026-10-06,2026-10-06,publication_date_not_field_visit,2026-10-06,https://unoca.unmissions.org/en/news,FTX014,2025_26_evidence_item,no,not_verified,not_estimated,"Published report is one output, not proof multiple field visits occurred that day"
FTX015,Phase11_curated_public_article,field_mission_participation,UNOWAS Deputy visit The Gambia and two-day Sahel stabilization workshop,UNOWAS_Deputy_participant_not_workshop_host,not_verified,2026-04-25,publication_date_only,2026-04-25,https://unowas.unmissions.org/en/news/deputy-special-representative-barrie-freeman-concludes-visit-to-the-gambia-underscores,FTX015,2025_26_evidence_item,no,not_verified,not_estimated,Two-day workshop dates not verified from release; no UNOWAS organizer assumption
FTX016,Phase11_curated_public_article,field_mission,UNOWAS Special Representative working visit to Togo concluded 18 April 2026,UNOWAS_good_offices_visit,not_verified,2026-04-18,end_only,2026-04-21,https://unowas.unmissions.org/en/news,FTX016,2025_26_evidence_item,no,not_verified,not_estimated,"Start date not established, news listing not direct full article"
FTX017,Phase11_curated_public_article,training_academy,UNRCCA 2025 youth climate diplomacy Academy (approx event dates),UNRCCA_2025_preventive_diplomacy_academy,2025-10-24,2025-10-25,date_precision_unverified,2025-10-25,https://unrcca.unmissions.org/en/news,FTX017,excluded_unverified_event_date,no,not_verified,not_estimated,Exclude from strict dated event total without explicit activity dates
