"census_id","source_registry","record_type","date_start","date_end","year","report_symbol","meeting_symbol","canonical_activity_id","entity","event_role","identity_key","official_url","metadata_verified","body_reviewed","join_stage","census_coverage","financial_overlap","is_current_window"
"SG_S_2025_187","Security_Council_SG_year_index","SG_Council_report","2025-03-26","2025-03-26","2025","S/2025/187","not_applicable","not_applicable","UNOWAS","SG_report_by_mandate_family","S/2025/187","https://main.un.org/securitycouncil/en/content/reports-submitted-transmitted-secretary-general-security-council-2025","yes_index","no","report_catalogue_only","selected_mandate_report_families_not_full_SC_all_topics","not_estimated","yes"
"SG_S_2025_495","Security_Council_SG_year_index","SG_Council_report","2025-07-31","2025-07-31","2025","S/2025/495","not_applicable","not_applicable","UNOWAS","SG_report_by_mandate_family","S/2025/495","https://main.un.org/securitycouncil/en/content/reports-submitted-transmitted-secretary-general-security-council-2025","yes_index","no","report_catalogue_only","selected_mandate_report_families_not_full_SC_all_topics","not_estimated","yes"
"SG_S_2025_771","Security_Council_SG_year_index","SG_Council_report","2025-11-28","2025-11-28","2025","S/2025/771","not_applicable","not_applicable","UNOWAS","SG_report_by_mandate_family","S/2025/771","https://main.un.org/securitycouncil/en/content/reports-submitted-transmitted-secretary-general-security-council-2025","yes_index","no","report_catalogue_only","selected_mandate_report_families_not_full_SC_all_topics","not_estimated","yes"
"SG_S_2026_537","Security_Council_SG_year_index","SG_Council_report","2026-06-30","2026-06-30","2026","S/2026/537","not_applicable","not_applicable","UNOWAS","SG_report_by_mandate_family","S/2026/537","https://main.un.org/securitycouncil/en/content/reports-submitted-transmitted-secretary-general-security-council-2026","yes_index","no","report_catalogue_only","selected_mandate_report_families_not_full_SC_all_topics","not_estimated","yes"
"SG_S_2025_342","Security_Council_SG_year_index","SG_Council_report","2025-05-30","2025-05-30","2025","S/2025/342","not_applicable","not_applicable","UNOCA","SG_report_by_mandate_family","S/2025/342","https://main.un.org/securitycouncil/en/content/reports-submitted-transmitted-secretary-general-security-council-2025","yes_index","no","report_catalogue_only","selected_mandate_report_families_not_full_SC_all_topics","not_estimated","yes"
"SG_S_2025_772","Security_Council_SG_year_index","SG_Council_report","2025-11-28","2025-11-28","2025","S/2025/772","not_applicable","not_applicable","UNOCA","SG_report_by_mandate_family","S/2025/772","https://main.un.org/securitycouncil/en/content/reports-submitted-transmitted-secretary-general-security-council-2025","yes_index","no","report_catalogue_only","selected_mandate_report_families_not_full_SC_all_topics","not_estimated","yes"
"SG_S_2026_445","Security_Council_SG_year_index","SG_Council_report","2026-05-29","2026-05-29","2026","S/2026/445","not_applicable","not_applicable","UNOCA","SG_report_by_mandate_family","S/2026/445","https://main.un.org/securitycouncil/en/content/reports-submitted-transmitted-secretary-general-security-council-2026","yes_index","no","report_catalogue_only","selected_mandate_report_families_not_full_SC_all_topics","not_estimated","yes"
"SG_S_2025_372","Security_Council_SG_year_index","SG_Council_report","2025-06-11","2025-06-11","2025","S/2025/372","not_applicable","not_applicable","UNAMA","SG_report_by_mandate_family","S/2025/372","https://main.un.org/securitycouncil/en/content/reports-submitted-transmitted-secretary-general-security-council-2025","yes_index","no","report_catalogue_only","selected_mandate_report_families_not_full_SC_all_topics","not_estimated","yes"
"SG_S_2025_554","Security_Council_SG_year_index","SG_Council_report","2025-09-05","2025-09-05","2025","S/2025/554","not_applicable","not_applicable","UNAMA","SG_report_by_mandate_family","S/2025/554","https://main.un.org/securitycouncil/en/content/reports-submitted-transmitted-secretary-general-security-council-2025","yes_index","no","report_catalogue_only","selected_mandate_report_families_not_full_SC_all_topics","not_estimated","yes"
"SG_S_2025_789","Security_Council_SG_year_index","SG_Council_report","2025-12-03","2025-12-03","2025","S/2025/789","not_applicable","not_applicable","UNAMA","SG_report_by_mandate_family","S/2025/789","https://main.un.org/securitycouncil/en/content/reports-submitted-transmitted-secretary-general-security-council-2025","yes_index","no","report_catalogue_only","selected_mandate_report_families_not_full_SC_all_topics","not_estimated","yes"
"SG_S_2026_99","Security_Council_SG_year_index","SG_Council_report","2026-02-27","2026-02-27","2026","S/2026/99","not_applicable","not_applicable","UNAMA","SG_report_by_mandate_family","S/2026/99","https://main.un.org/securitycouncil/en/content/reports-submitted-transmitted-secretary-general-security-council-2026","yes_index","no","report_catalogue_only","selected_mandate_report_families_not_full_SC_all_topics","not_estimated","yes"
"SG_S_2026_431","Security_Council_SG_year_index","SG_Council_report","2026-05-22","2026-05-22","2026","S/2026/431","not_applicable","not_applicable","UNAMA","SG_report_by_mandate_family","S/2026/431","https://main.un.org/securitycouncil/en/content/reports-submitted-transmitted-secretary-general-security-council-2026","yes_index","no","report_catalogue_only","selected_mandate_report_families_not_full_SC_all_topics","not_estimated","yes"
"SG_S_2026_724","Security_Council_SG_year_index","SG_Council_report","2026-09-09","2026-09-09","2026","S/2026/724","not_applicable","not_applicable","UNAMA","SG_report_by_mandate_family","S/2026/724","https://main.un.org/securitycouncil/en/content/reports-submitted-transmitted-secretary-general-security-council-2026","yes_index","no","report_catalogue_only","selected_mandate_report_families_not_full_SC_all_topics","not_estimated","yes"
"SG_S_2025_223","Security_Council_SG_year_index","SG_Council_report","2025-04-11","2025-04-11","2025","S/2025/223","not_applicable","not_applicable","UNSMIL","SG_report_by_mandate_family","S/2025/223","https://main.un.org/securitycouncil/en/content/reports-submitted-transmitted-secretary-general-security-council-2025","yes_index","no","report_catalogue_only","selected_mandate_report_families_not_full_SC_all_topics","not_estimated","yes"
"SG_S_2025_509","Security_Council_SG_year_index","SG_Council_report","2025-08-08","2025-08-08","2025","S/2025/509","not_applicable","not_applicable","UNSMIL","SG_report_by_mandate_family","S/2025/509","https://main.un.org/securitycouncil/en/content/reports-submitted-transmitted-secretary-general-security-council-2025","yes_index","no","report_catalogue_only","selected_mandate_report_families_not_full_SC_all_topics","not_estimated","yes"
"SG_S_2025_792","Security_Council_SG_year_index","SG_Council_report","2025-12-05","2025-12-05","2025","S/2025/792","not_applicable","not_applicable","UNSMIL","SG_report_by_mandate_family","S/2025/792","https://main.un.org/securitycouncil/en/content/reports-submitted-transmitted-secretary-general-security-council-2025","yes_index","no","report_catalogue_only","selected_mandate_report_families_not_full_SC_all_topics","not_estimated","yes"
"SG_S_2026_281","Security_Council_SG_year_index","SG_Council_report","2026-04-06","2026-04-06","2026","S/2026/281","not_applicable","not_applicable","UNSMIL","SG_report_by_mandate_family","S/2026/281","https://main.un.org/securitycouncil/en/content/reports-submitted-transmitted-secretary-general-security-council-2026","yes_index","no","report_catalogue_only","selected_mandate_report_families_not_full_SC_all_topics","not_estimated","yes"
"SG_S_2026_661","Security_Council_SG_year_index","SG_Council_report","2026-08-10","2026-08-10","2026","S/2026/661","not_applicable","not_applicable","UNSMIL","SG_report_by_mandate_family","S/2026/661","https://main.un.org/securitycouncil/en/content/reports-submitted-transmitted-secretary-general-security-council-2026","yes_index","no","report_catalogue_only","selected_mandate_report_families_not_full_SC_all_topics","not_estimated","yes"
"SG_S_2025_226","Security_Council_SG_year_index","SG_Council_report","2025-04-14","2025-04-14","2025","S/2025/226","not_applicable","not_applicable","BINUH","SG_report_by_mandate_family","S/2025/226","https://main.un.org/securitycouncil/en/content/reports-submitted-transmitted-secretary-general-security-council-2025","yes_index","no","report_catalogue_only","selected_mandate_report_families_not_full_SC_all_topics","not_estimated","yes"
"SG_S_2025_418","Security_Council_SG_year_index","SG_Council_report","2025-06-27","2025-06-27","2025","S/2025/418","not_applicable","not_applicable","BINUH","SG_report_by_mandate_family","S/2025/418","https://main.un.org/securitycouncil/en/content/reports-submitted-transmitted-secretary-general-security-council-2025","yes_index","no","report_catalogue_only","selected_mandate_report_families_not_full_SC_all_topics","not_estimated","yes"
"SG_S_2025_641","Security_Council_SG_year_index","SG_Council_report","2025-10-14","2025-10-14","2025","S/2025/641","not_applicable","not_applicable","BINUH","SG_report_by_mandate_family","S/2025/641","https://main.un.org/securitycouncil/en/content/reports-submitted-transmitted-secretary-general-security-council-2025","yes_index","no","report_catalogue_only","selected_mandate_report_families_not_full_SC_all_topics","not_estimated","yes"
"SG_S_2026_31","Security_Council_SG_year_index","SG_Council_report","2026-01-15","2026-01-15","2026","S/2026/31","not_applicable","not_applicable","BINUH","SG_report_by_mandate_family","S/2026/31","https://main.un.org/securitycouncil/en/content/reports-submitted-transmitted-secretary-general-security-council-2026","yes_index","no","report_catalogue_only","selected_mandate_report_families_not_full_SC_all_topics","not_estimated","yes"
"SG_S_2026_325","Security_Council_SG_year_index","SG_Council_report","2026-04-14","2026-04-14","2026","S/2026/325","not_applicable","not_applicable","BINUH","SG_report_by_mandate_family","S/2026/325","https://main.un.org/securitycouncil/en/content/reports-submitted-transmitted-secretary-general-security-council-2026","yes_index","no","report_catalogue_only","selected_mandate_report_families_not_full_SC_all_topics","not_estimated","yes"
"SG_S_2026_574","Security_Council_SG_year_index","SG_Council_report","2026-07-14","2026-07-14","2026","S/2026/574","not_applicable","not_applicable","BINUH","SG_report_by_mandate_family","S/2026/574","https://main.un.org/securitycouncil/en/content/reports-submitted-transmitted-secretary-general-security-council-2026","yes_index","no","report_catalogue_only","selected_mandate_report_families_not_full_SC_all_topics","not_estimated","yes"
"SG_S_2025_188","Security_Council_SG_year_index","SG_Council_report","2025-03-27","2025-03-27","2025","S/2025/188","not_applicable","not_applicable","Colombia","SG_report_by_mandate_family","S/2025/188","https://main.un.org/securitycouncil/en/content/reports-submitted-transmitted-secretary-general-security-council-2025","yes_index","no","report_catalogue_only","selected_mandate_report_families_not_full_SC_all_topics","not_estimated","yes"
"SG_S_2025_419","Security_Council_SG_year_index","SG_Council_report","2025-06-27","2025-06-27","2025","S/2025/419","not_applicable","not_applicable","Colombia","SG_report_by_mandate_family","S/2025/419","https://main.un.org/securitycouncil/en/content/reports-submitted-transmitted-secretary-general-security-council-2025","yes_index","no","report_catalogue_only","selected_mandate_report_families_not_full_SC_all_topics","not_estimated","yes"
"SG_S_2025_595","Security_Council_SG_year_index","SG_Council_report","2025-09-26","2025-09-26","2025","S/2025/595","not_applicable","not_applicable","Colombia","SG_report_by_mandate_family","S/2025/595","https://main.un.org/securitycouncil/en/content/reports-submitted-transmitted-secretary-general-security-council-2025","yes_index","no","report_catalogue_only","selected_mandate_report_families_not_full_SC_all_topics","not_estimated","yes"
"SG_S_2025_849","Security_Council_SG_year_index","SG_Council_report","2025-12-26","2025-12-26","2025","S/2025/849","not_applicable","not_applicable","Colombia","SG_report_by_mandate_family","S/2025/849","https://main.un.org/securitycouncil/en/content/reports-submitted-transmitted-secretary-general-security-council-2025","yes_index","no","report_catalogue_only","selected_mandate_report_families_not_full_SC_all_topics","not_estimated","yes"
"SG_S_2026_229","Security_Council_SG_year_index","SG_Council_report","2026-03-26","2026-03-26","2026","S/2026/229","not_applicable","not_applicable","Colombia","SG_report_by_mandate_family","S/2026/229","https://main.un.org/securitycouncil/en/content/reports-submitted-transmitted-secretary-general-security-council-2026","yes_index","no","report_catalogue_only","selected_mandate_report_families_not_full_SC_all_topics","not_estimated","yes"
"SG_S_2026_528","Security_Council_SG_year_index","SG_Council_report","2026-06-26","2026-06-26","2026","S/2026/528","not_applicable","not_applicable","Colombia","SG_report_by_mandate_family","S/2026/528","https://main.un.org/securitycouncil/en/content/reports-submitted-transmitted-secretary-general-security-council-2026","yes_index","no","report_catalogue_only","selected_mandate_report_families_not_full_SC_all_topics","not_estimated","yes"
"SG_S_2026_759","Security_Council_SG_year_index","SG_Council_report","2026-09-25","2026-09-25","2026","S/2026/759","not_applicable","not_applicable","Colombia","SG_report_by_mandate_family","S/2026/759","https://main.un.org/securitycouncil/en/content/reports-submitted-transmitted-secretary-general-security-council-2026","yes_index","no","report_catalogue_only","selected_mandate_report_families_not_full_SC_all_topics","not_estimated","yes"
"SG_S_2025_176","Security_Council_SG_year_index","SG_Council_report","2025-03-20","2025-03-20","2025","S/2025/176","not_applicable","not_applicable","MONUSCO","SG_report_by_mandate_family","S/2025/176","https://main.un.org/securitycouncil/en/content/reports-submitted-transmitted-secretary-general-security-council-2025","yes_index","no","report_catalogue_only","selected_mandate_report_families_not_full_SC_all_topics","not_estimated","yes"
"SG_S_2025_403","Security_Council_SG_year_index","SG_Council_report","2025-06-23","2025-06-23","2025","S/2025/403","not_applicable","not_applicable","MONUSCO","SG_report_by_mandate_family","S/2025/403","https://main.un.org/securitycouncil/en/content/reports-submitted-transmitted-secretary-general-security-council-2025","yes_index","no","report_catalogue_only","selected_mandate_report_families_not_full_SC_all_topics","not_estimated","yes"
"SG_S_2025_590","Security_Council_SG_year_index","SG_Council_report","2025-09-19","2025-09-19","2025","S/2025/590","not_applicable","not_applicable","MONUSCO","SG_report_by_mandate_family","S/2025/590","https://main.un.org/securitycouncil/en/content/reports-submitted-transmitted-secretary-general-security-council-2025","yes_index","no","report_catalogue_only","selected_mandate_report_families_not_full_SC_all_topics","not_estimated","yes"
"SG_S_2025_779","Security_Council_SG_year_index","SG_Council_report","2025-12-01","2025-12-01","2025","S/2025/779","not_applicable","not_applicable","MONUSCO","SG_report_by_mandate_family","S/2025/779","https://main.un.org/securitycouncil/en/content/reports-submitted-transmitted-secretary-general-security-council-2025","yes_index","no","report_catalogue_only","selected_mandate_report_families_not_full_SC_all_topics","not_estimated","yes"
"SG_S_2026_208","Security_Council_SG_year_index","SG_Council_report","2026-03-19","2026-03-19","2026","S/2026/208","not_applicable","not_applicable","MONUSCO","SG_report_by_mandate_family","S/2026/208","https://main.un.org/securitycouncil/en/content/reports-submitted-transmitted-secretary-general-security-council-2026","yes_index","no","report_catalogue_only","selected_mandate_report_families_not_full_SC_all_topics","not_estimated","yes"
"SG_S_2026_507","Security_Council_SG_year_index","SG_Council_report","2026-06-19","2026-06-19","2026","S/2026/507","not_applicable","not_applicable","MONUSCO","SG_report_by_mandate_family","S/2026/507","https://main.un.org/securitycouncil/en/content/reports-submitted-transmitted-secretary-general-security-council-2026","yes_index","no","report_catalogue_only","selected_mandate_report_families_not_full_SC_all_topics","not_estimated","yes"
"SG_S_2026_748","Security_Council_SG_year_index","SG_Council_report","2026-09-21","2026-09-21","2026","S/2026/748","not_applicable","not_applicable","MONUSCO","SG_report_by_mandate_family","S/2026/748","https://main.un.org/securitycouncil/en/content/reports-submitted-transmitted-secretary-general-security-council-2026","yes_index","no","report_catalogue_only","selected_mandate_report_families_not_full_SC_all_topics","not_estimated","yes"
"SG_S_2025_202","Security_Council_SG_year_index","SG_Council_report","2025-04-01","2025-04-01","2025","S/2025/202","not_applicable","not_applicable","GreatLakes","SG_report_by_mandate_family","S/2025/202","https://main.un.org/securitycouncil/en/content/reports-submitted-transmitted-secretary-general-security-council-2025","yes_index","no","report_catalogue_only","selected_mandate_report_families_not_full_SC_all_topics","not_estimated","yes"
"SG_S_2025_615","Security_Council_SG_year_index","SG_Council_report","2025-10-01","2025-10-01","2025","S/2025/615","not_applicable","not_applicable","GreatLakes","SG_report_by_mandate_family","S/2025/615","https://main.un.org/securitycouncil/en/content/reports-submitted-transmitted-secretary-general-security-council-2025","yes_index","no","report_catalogue_only","selected_mandate_report_families_not_full_SC_all_topics","not_estimated","yes"
"SG_S_2026_256","Security_Council_SG_year_index","SG_Council_report","2026-03-31","2026-03-31","2026","S/2026/256","not_applicable","not_applicable","GreatLakes","SG_report_by_mandate_family","S/2026/256","https://main.un.org/securitycouncil/en/content/reports-submitted-transmitted-secretary-general-security-council-2026","yes_index","no","report_catalogue_only","selected_mandate_report_families_not_full_SC_all_topics","not_estimated","yes"
"SG_S_2026_782","Security_Council_SG_year_index","SG_Council_report","2026-10-01","2026-10-01","2026","S/2026/782","not_applicable","not_applicable","GreatLakes","SG_report_by_mandate_family","S/2026/782","https://main.un.org/securitycouncil/en/content/reports-submitted-transmitted-secretary-general-security-council-2026","yes_index","no","report_catalogue_only","selected_mandate_report_families_not_full_SC_all_topics","not_estimated","yes"
"SG_S_2025_383","Security_Council_SG_year_index","SG_Council_report","2025-06-13","2025-06-13","2025","S/2025/383","not_applicable","not_applicable","MINUSCA","SG_report_by_mandate_family","S/2025/383","https://main.un.org/securitycouncil/en/content/reports-submitted-transmitted-secretary-general-security-council-2025","yes_index","no","report_catalogue_only","selected_mandate_report_families_not_full_SC_all_topics","not_estimated","yes"
"SG_S_2025_638","Security_Council_SG_year_index","SG_Council_report","2025-10-10","2025-10-10","2025","S/2025/638","not_applicable","not_applicable","MINUSCA","SG_report_by_mandate_family","S/2025/638","https://main.un.org/securitycouncil/en/content/reports-submitted-transmitted-secretary-general-security-council-2025","yes_index","no","report_catalogue_only","selected_mandate_report_families_not_full_SC_all_topics","not_estimated","yes"
"SG_S_2026_71","Security_Council_SG_year_index","SG_Council_report","2026-02-13","2026-02-13","2026","S/2026/71","not_applicable","not_applicable","MINUSCA","SG_report_by_mandate_family","S/2026/71","https://main.un.org/securitycouncil/en/content/reports-submitted-transmitted-secretary-general-security-council-2026","yes_index","no","report_catalogue_only","selected_mandate_report_families_not_full_SC_all_topics","not_estimated","yes"
"SG_S_2026_494","Security_Council_SG_year_index","SG_Council_report","2026-06-15","2026-06-15","2026","S/2026/494","not_applicable","not_applicable","MINUSCA","SG_report_by_mandate_family","S/2026/494","https://main.un.org/securitycouncil/en/content/reports-submitted-transmitted-secretary-general-security-council-2026","yes_index","no","report_catalogue_only","selected_mandate_report_families_not_full_SC_all_topics","not_estimated","yes"
"SG_S_2025_254","Security_Council_SG_year_index","SG_Council_report","2025-04-25","2025-04-25","2025","S/2025/254","not_applicable","not_applicable","Lebanon1559","SG_report_by_mandate_family","S/2025/254","https://main.un.org/securitycouncil/en/content/reports-submitted-transmitted-secretary-general-security-council-2025","yes_index","no","report_catalogue_only","selected_mandate_report_families_not_full_SC_all_topics","not_estimated","yes"
"SG_S_2025_625","Security_Council_SG_year_index","SG_Council_report","2025-10-07","2025-10-07","2025","S/2025/625","not_applicable","not_applicable","Lebanon1559","SG_report_by_mandate_family","S/2025/625","https://main.un.org/securitycouncil/en/content/reports-submitted-transmitted-secretary-general-security-council-2025","yes_index","no","report_catalogue_only","selected_mandate_report_families_not_full_SC_all_topics","not_estimated","yes"
"SG_S_2026_366","Security_Council_SG_year_index","SG_Council_report","2026-04-24","2026-04-24","2026","S/2026/366","not_applicable","not_applicable","Lebanon1559","SG_report_by_mandate_family","S/2026/366","https://main.un.org/securitycouncil/en/content/reports-submitted-transmitted-secretary-general-security-council-2026","yes_index","no","report_catalogue_only","selected_mandate_report_families_not_full_SC_all_topics","not_estimated","yes"
"SG_S_2025_460","Security_Council_SG_year_index","SG_Council_report","2025-07-11","2025-07-11","2025","S/2025/460","not_applicable","not_applicable","UNIFIL","SG_report_by_mandate_family","S/2025/460","https://main.un.org/securitycouncil/en/content/reports-submitted-transmitted-secretary-general-security-council-2025","yes_index","no","report_catalogue_only","selected_mandate_report_families_not_full_SC_all_topics","not_estimated","yes"
"SG_S_2025_738","Security_Council_SG_year_index","SG_Council_report","2025-11-11","2025-11-11","2025","S/2025/738","not_applicable","not_applicable","UNIFIL","SG_report_by_mandate_family","S/2025/738","https://main.un.org/securitycouncil/en/content/reports-submitted-transmitted-secretary-general-security-council-2025","yes_index","no","report_catalogue_only","selected_mandate_report_families_not_full_SC_all_topics","not_estimated","yes"
"SG_S_2026_160","Security_Council_SG_year_index","SG_Council_report","2026-03-11","2026-03-11","2026","S/2026/160","not_applicable","not_applicable","UNIFIL","SG_report_by_mandate_family","S/2026/160","https://main.un.org/securitycouncil/en/content/reports-submitted-transmitted-secretary-general-security-council-2026","yes_index","no","report_catalogue_only","selected_mandate_report_families_not_full_SC_all_topics","not_estimated","yes"
"SG_S_2026_566","Security_Council_SG_year_index","SG_Council_report","2026-07-09","2026-07-09","2026","S/2026/566","not_applicable","not_applicable","UNIFIL","SG_report_by_mandate_family","S/2026/566","https://main.un.org/securitycouncil/en/content/reports-submitted-transmitted-secretary-general-security-council-2026","yes_index","no","report_catalogue_only","selected_mandate_report_families_not_full_SC_all_topics","not_estimated","yes"
"SG_S_2025_269","Security_Council_SG_year_index","SG_Council_report","2025-05-01","2025-05-01","2025","S/2025/269","not_applicable","not_applicable","UNISFA","SG_report_by_mandate_family","S/2025/269","https://main.un.org/securitycouncil/en/content/reports-submitted-transmitted-secretary-general-security-council-2025","yes_index","no","report_catalogue_only","selected_mandate_report_families_not_full_SC_all_topics","not_estimated","yes"
"SG_S_2025_649","Security_Council_SG_year_index","SG_Council_report","2025-10-15","2025-10-15","2025","S/2025/649","not_applicable","not_applicable","UNISFA","SG_report_by_mandate_family","S/2025/649","https://main.un.org/securitycouncil/en/content/reports-submitted-transmitted-secretary-general-security-council-2025","yes_index","no","report_catalogue_only","selected_mandate_report_families_not_full_SC_all_topics","not_estimated","yes"
"SG_S_2026_378","Security_Council_SG_year_index","SG_Council_report","2026-05-01","2026-05-01","2026","S/2026/378","not_applicable","not_applicable","UNISFA","SG_report_by_mandate_family","S/2026/378","https://main.un.org/securitycouncil/en/content/reports-submitted-transmitted-secretary-general-security-council-2026","yes_index","no","report_catalogue_only","selected_mandate_report_families_not_full_SC_all_topics","not_estimated","yes"
"SG_S_2025_211","Security_Council_SG_year_index","SG_Council_report","2025-04-07","2025-04-07","2025","S/2025/211","not_applicable","not_applicable","UNMISS","SG_report_by_mandate_family","S/2025/211","https://main.un.org/securitycouncil/en/content/reports-submitted-transmitted-secretary-general-security-council-2025","yes_index","no","report_catalogue_only","selected_mandate_report_families_not_full_SC_all_topics","not_estimated","yes"
"SG_S_2025_504","Security_Council_SG_year_index","SG_Council_report","2025-08-07","2025-08-07","2025","S/2025/504","not_applicable","not_applicable","UNMISS","SG_report_by_mandate_family","S/2025/504","https://main.un.org/securitycouncil/en/content/reports-submitted-transmitted-secretary-general-security-council-2025","yes_index","no","report_catalogue_only","selected_mandate_report_families_not_full_SC_all_topics","not_estimated","yes"
"SG_S_2025_706","Security_Council_SG_year_index","SG_Council_report","2025-11-04","2025-11-04","2025","S/2025/706","not_applicable","not_applicable","UNMISS","SG_report_by_mandate_family","S/2025/706","https://main.un.org/securitycouncil/en/content/reports-submitted-transmitted-secretary-general-security-council-2025","yes_index","no","report_catalogue_only","selected_mandate_report_families_not_full_SC_all_topics","not_estimated","yes"
"SG_S_2026_58","Security_Council_SG_year_index","SG_Council_report","2026-02-02","2026-02-02","2026","S/2026/58","not_applicable","not_applicable","UNMISS","SG_report_by_mandate_family","S/2026/58","https://main.un.org/securitycouncil/en/content/reports-submitted-transmitted-secretary-general-security-council-2026","yes_index","no","report_catalogue_only","selected_mandate_report_families_not_full_SC_all_topics","not_estimated","yes"
"SG_S_2026_316","Security_Council_SG_year_index","SG_Council_report","2026-04-13","2026-04-13","2026","S/2026/316","not_applicable","not_applicable","UNMISS","SG_report_by_mandate_family","S/2026/316","https://main.un.org/securitycouncil/en/content/reports-submitted-transmitted-secretary-general-security-council-2026","yes_index","no","report_catalogue_only","selected_mandate_report_families_not_full_SC_all_topics","not_estimated","yes"
"SG_S_2026_640","Security_Council_SG_year_index","SG_Council_report","2026-07-31","2026-07-31","2026","S/2026/640","not_applicable","not_applicable","UNMISS","SG_report_by_mandate_family","S/2026/640","https://main.un.org/securitycouncil/en/content/reports-submitted-transmitted-secretary-general-security-council-2026","yes_index","no","report_catalogue_only","selected_mandate_report_families_not_full_SC_all_topics","not_estimated","yes"
"SG_S_2025_532","Security_Council_SG_year_index","SG_Council_report","2025-08-25","2025-08-25","2025","S/2025/532","not_applicable","not_applicable","UNOAU","SG_report_by_mandate_family","S/2025/532","https://main.un.org/securitycouncil/en/content/reports-submitted-transmitted-secretary-general-security-council-2025","yes_index","no","report_catalogue_only","selected_mandate_report_families_not_full_SC_all_topics","not_estimated","yes"
"SG_S_2026_682","Security_Council_SG_year_index","SG_Council_report","2026-08-17","2026-08-17","2026","S/2026/682","not_applicable","not_applicable","UNOAU","SG_report_by_mandate_family","S/2026/682","https://main.un.org/securitycouncil/en/content/reports-submitted-transmitted-secretary-general-security-council-2026","yes_index","no","report_catalogue_only","selected_mandate_report_families_not_full_SC_all_topics","not_estimated","yes"
"SG_S_2025_447","Security_Council_SG_year_index","SG_Council_report","2025-07-03","2025-07-03","2025","S/2025/447","not_applicable","not_applicable","UNFICYP","SG_report_by_mandate_family","S/2025/447","https://main.un.org/securitycouncil/en/content/reports-submitted-transmitted-secretary-general-security-council-2025","yes_index","no","report_catalogue_only","selected_mandate_report_families_not_full_SC_all_topics","not_estimated","yes"
"SG_S_2025_448","Security_Council_SG_year_index","SG_Council_report","2025-07-03","2025-07-03","2025","S/2025/448","not_applicable","not_applicable","CyprusGoodOffices","SG_report_by_mandate_family","S/2025/448","https://main.un.org/securitycouncil/en/content/reports-submitted-transmitted-secretary-general-security-council-2025","yes_index","no","report_catalogue_only","selected_mandate_report_families_not_full_SC_all_topics","not_estimated","yes"
"SG_S_2026_8","Security_Council_SG_year_index","SG_Council_report","2026-01-05","2026-01-05","2026","S/2026/8","not_applicable","not_applicable","UNFICYP","SG_report_by_mandate_family","S/2026/8","https://main.un.org/securitycouncil/en/content/reports-submitted-transmitted-secretary-general-security-council-2026","yes_index","no","report_catalogue_only","selected_mandate_report_families_not_full_SC_all_topics","not_estimated","yes"
"SG_S_2026_9","Security_Council_SG_year_index","SG_Council_report","2026-01-05","2026-01-05","2026","S/2026/9","not_applicable","not_applicable","CyprusGoodOffices","SG_report_by_mandate_family","S/2026/9","https://main.un.org/securitycouncil/en/content/reports-submitted-transmitted-secretary-general-security-council-2026","yes_index","no","report_catalogue_only","selected_mandate_report_families_not_full_SC_all_topics","not_estimated","yes"
"SG_S_2026_550","Security_Council_SG_year_index","SG_Council_report","2026-07-06","2026-07-06","2026","S/2026/550","not_applicable","not_applicable","UNFICYP","SG_report_by_mandate_family","S/2026/550","https://main.un.org/securitycouncil/en/content/reports-submitted-transmitted-secretary-general-security-council-2026","yes_index","no","report_catalogue_only","selected_mandate_report_families_not_full_SC_all_topics","not_estimated","yes"
"SG_S_2026_551","Security_Council_SG_year_index","SG_Council_report","2026-07-06","2026-07-06","2026","S/2026/551","not_applicable","not_applicable","CyprusGoodOffices","SG_report_by_mandate_family","S/2026/551","https://main.un.org/securitycouncil/en/content/reports-submitted-transmitted-secretary-general-security-council-2026","yes_index","no","report_catalogue_only","selected_mandate_report_families_not_full_SC_all_topics","not_estimated","yes"
"SG_S_2025_612","Security_Council_SG_year_index","SG_Council_report","2025-09-30","2025-09-30","2025","S/2025/612","not_applicable","not_applicable","MINURSO","SG_report_by_mandate_family","S/2025/612","https://main.un.org/securitycouncil/en/content/reports-submitted-transmitted-secretary-general-security-council-2025","yes_index","no","report_catalogue_only","selected_mandate_report_families_not_full_SC_all_topics","not_estimated","yes"
"SG_S_2026_781","Security_Council_SG_year_index","SG_Council_report","2026-10-01","2026-10-01","2026","S/2026/781","not_applicable","not_applicable","MINURSO","SG_report_by_mandate_family","S/2026/781","https://main.un.org/securitycouncil/en/content/reports-submitted-transmitted-secretary-general-security-council-2026","yes_index","no","report_catalogue_only","selected_mandate_report_families_not_full_SC_all_topics","not_estimated","yes"
"SG_S_2025_350","Security_Council_SG_year_index","SG_Council_report","2025-06-03","2025-06-03","2025","S/2025/350","not_applicable","not_applicable","UNDOF","SG_report_by_mandate_family","S/2025/350","https://main.un.org/securitycouncil/en/content/reports-submitted-transmitted-secretary-general-security-council-2025","yes_index","no","report_catalogue_only","selected_mandate_report_families_not_full_SC_all_topics","not_estimated","yes"
"SG_S_2025_599","Security_Council_SG_year_index","SG_Council_report","2025-09-26","2025-09-26","2025","S/2025/599","not_applicable","not_applicable","UNDOF","SG_report_by_mandate_family","S/2025/599","https://main.un.org/securitycouncil/en/content/reports-submitted-transmitted-secretary-general-security-council-2025","yes_index","no","report_catalogue_only","selected_mandate_report_families_not_full_SC_all_topics","not_estimated","yes"
"SG_S_2025_784","Security_Council_SG_year_index","SG_Council_report","2025-12-02","2025-12-02","2025","S/2025/784","not_applicable","not_applicable","UNDOF","SG_report_by_mandate_family","S/2025/784","https://main.un.org/securitycouncil/en/content/reports-submitted-transmitted-secretary-general-security-council-2025","yes_index","no","report_catalogue_only","selected_mandate_report_families_not_full_SC_all_topics","not_estimated","yes"
"SG_S_2026_157","Security_Council_SG_year_index","SG_Council_report","2026-03-10","2026-03-10","2026","S/2026/157","not_applicable","not_applicable","UNDOF","SG_report_by_mandate_family","S/2026/157","https://main.un.org/securitycouncil/en/content/reports-submitted-transmitted-secretary-general-security-council-2026","yes_index","no","report_catalogue_only","selected_mandate_report_families_not_full_SC_all_topics","not_estimated","yes"
"SG_S_2026_458","Security_Council_SG_year_index","SG_Council_report","2026-06-02","2026-06-02","2026","S/2026/458","not_applicable","not_applicable","UNDOF","SG_report_by_mandate_family","S/2026/458","https://main.un.org/securitycouncil/en/content/reports-submitted-transmitted-secretary-general-security-council-2026","yes_index","no","report_catalogue_only","selected_mandate_report_families_not_full_SC_all_topics","not_estimated","yes"
"SG_S_2026_756","Security_Council_SG_year_index","SG_Council_report","2026-09-23","2026-09-23","2026","S/2026/756","not_applicable","not_applicable","UNDOF","SG_report_by_mandate_family","S/2026/756","https://main.un.org/securitycouncil/en/content/reports-submitted-transmitted-secretary-general-security-council-2026","yes_index","no","report_catalogue_only","selected_mandate_report_families_not_full_SC_all_topics","not_estimated","yes"
"CM_001","Council_meeting_official_calendar_or_verbatim","Council_meeting_or_briefing","2025-12-10","2025-12-10","2025","S/2025/789","S/PV.10058","not_mapped_from_new_meeting_index","UNAMA","Afghanistan","S/PV.10058","SRC041","yes","metadata_or_excerpts_only","briefing_and_report_link_check_full_content","selected_verified_meetings_not_formal_SC_meeting_universe","not_estimated","yes"
"CM_002","Council_meeting_official_calendar_or_verbatim","Council_meeting_or_briefing","2025-12-11","2025-12-11","2025","S/2025/772","S/PV.10060","not_mapped_from_new_meeting_index","UNOCA","Central Africa","S/PV.10060","SRC042","yes","metadata_or_excerpts_only","distinct_UNOCA_mandate","selected_verified_meetings_not_formal_SC_meeting_universe","not_estimated","yes"
"CM_003","Council_meeting_official_calendar_or_verbatim","Council_meeting_or_briefing","2025-12-18","2025-12-18","2025","S/2025/771","S/PV.10073","not_mapped_from_new_meeting_index","UNOWAS","West Africa and Sahel","S/PV.10073","SRC016","yes","metadata_or_excerpts_only","distinct_UNOWAS_mandate","selected_verified_meetings_not_formal_SC_meeting_universe","not_estimated","yes"
"CM_004","Council_meeting_official_calendar_or_verbatim","Council_meeting_or_briefing","2026-03-09","2026-03-09","2026","S/2026/99","S/PV.10116","not_mapped_from_new_meeting_index","UNAMA","Afghanistan","S/PV.10116","SRC050","yes","metadata_or_excerpts_only","report_to_meeting_content_not_linewise_reconciled","selected_verified_meetings_not_formal_SC_meeting_universe","not_estimated","yes"
"CM_005","Council_meeting_official_calendar_or_verbatim","Council_meeting_or_briefing","2026-04-28","2026-04-28","2026","not_verified","S/PV.10146","not_mapped_from_new_meeting_index","DPPA_DPO_shared_regional","Palestine","S/PV.10146","SRC026","yes","metadata_or_excerpts_only","one_joint_regional_ASG_briefing","selected_verified_meetings_not_formal_SC_meeting_universe","not_estimated","yes"
"CM_006","Council_meeting_official_calendar_or_verbatim","Council_meeting_or_briefing","2026-06-08","2026-06-08","2026","S/2026/431","S/PV.10165","not_mapped_from_new_meeting_index","UNAMA","Afghanistan","S/PV.10165","SRC049","yes","no","report_explicitly_listed_on_agenda","selected_verified_meetings_not_formal_SC_meeting_universe","not_estimated","yes"
"CM_007","Council_meeting_official_calendar_or_verbatim","Council_meeting_or_briefing","2026-07-14","2026-07-14","2026","S/2026/537","S/PV.10195","not_mapped_from_new_meeting_index","UNOWAS","West Africa and Sahel","S/PV.10195","SRC047","yes","no","report_near_date_but_agenda_document_not_explicitly_verified","selected_verified_meetings_not_formal_SC_meeting_universe","not_estimated","yes"
"CM_008","Council_meeting_official_calendar_or_verbatim","Council_meeting_or_briefing","2026-09-16","2026-09-16","2026","S/2026/724","S/PV.10223","not_mapped_from_new_meeting_index","UNAMA","Afghanistan","S/PV.10223","SRC048","yes","no","report_explicitly_listed_on_agenda","selected_verified_meetings_not_formal_SC_meeting_universe","not_estimated","yes"
"CM_009","Council_meeting_official_calendar_or_verbatim","Council_meeting_or_briefing","2025-07-02","2025-07-02","2025","not_verified","not_verified","not_mapped_from_new_meeting_index","DPPA_DPO_shared_regional","Haiti","unresolved_2025-07-02_DPPA_DPO_shared_regional","SRC024","event_source_only","no","unique_meeting_number_not_resolved","selected_verified_meetings_not_formal_SC_meeting_universe","not_estimated","yes"
"CM_010","Council_meeting_official_calendar_or_verbatim","Council_meeting_or_briefing","2025-08-01","2025-08-01","2025","not_verified","not_verified","not_mapped_from_new_meeting_index","DPPA_DPO_shared_regional","Ukraine","unresolved_2025-08-01_DPPA_DPO_shared_regional","SRC025","event_source_only","no","unique_meeting_number_not_resolved","selected_verified_meetings_not_formal_SC_meeting_universe","not_estimated","yes"
"EV_EV001","retrospective_official_mission_and_DPPA_activity_records","field_visit","2025-01-27","2025-01-31","2025","not_applicable","not_applicable","EV001","UNOWAS_UNOCA","UNOWAS: joint lead; UNOCA: joint lead","analyst_assigned_EV001","SRC003","yes_official_source_record_or_claim","selected_source_sections_only","jointly_delivered_activity","purposive_mission_press_activities_no_total_site_census","not_estimated","yes"
"EV_EV002","retrospective_official_mission_and_DPPA_activity_records","meeting","2025-01-29","2025-01-31","2025","not_applicable","not_applicable","EV002","UNOWAS_UNOCA","LCBC: regional forum; UNOWAS/UNOCA: joint participants","analyst_assigned_EV002","SRC003","yes_official_source_record_or_claim","selected_source_sections_only","joint_attendance_sub_event","purposive_mission_press_activities_no_total_site_census","not_estimated","yes"
"EV_EV003","retrospective_official_mission_and_DPPA_activity_records","training_workshop","2025-02-26","2025-02-27","2025","not_applicable","not_applicable","EV003","UNOWAS_UNOCA","UNOWAS and UNOCA: co-organizers; ECOWAS/ECCAS and other partners: participants","analyst_assigned_EV003","SRC007","yes_official_source_record_or_claim","selected_source_sections_only","jointly_delivered_activity","purposive_mission_press_activities_no_total_site_census","not_estimated","yes"
"EV_EV004","retrospective_official_mission_and_DPPA_activity_records","publication","2025-02-27","2025-02-27","2025","not_applicable","not_applicable","EV004","UNOWAS_UNOCA","UNOCA: compilation lead; UNOWAS: joint-event partner","analyst_assigned_EV004","SRC005","yes_official_source_record_or_claim","selected_source_sections_only","single_lead_shared_event_output","purposive_mission_press_activities_no_total_site_census","not_estimated","yes"
"EV_EV005","retrospective_official_mission_and_DPPA_activity_records","meeting","2025-02-17","2025-02-17","2025","not_applicable","not_applicable","EV005","UNOWAS_UNOCA","UNOCA: convener; UNOWAS and Great Lakes envoy: participants","analyst_assigned_EV005","SRC005","yes_official_source_record_or_claim","selected_source_sections_only","documented_shared_knowledge_meeting","purposive_mission_press_activities_no_total_site_census","not_estimated","yes"
"EV_EV006","retrospective_official_mission_and_DPPA_activity_records","meeting","2025-04-08","2025-04-08","2025","not_applicable","not_applicable","EV006","UNOWAS_UNOCA","UNOCA and UNOWAS: mutual participants","analyst_assigned_EV006","SRC005","yes_official_source_record_or_claim","selected_source_sections_only","documented_shared_knowledge_meeting","purposive_mission_press_activities_no_total_site_census","not_estimated","yes"
"EV_EV007","retrospective_official_mission_and_DPPA_activity_records","meeting","2025-10-30","2025-10-30","2025","not_applicable","not_applicable","EV007","UNOWAS_UNOCA","UNOCA and UNOWAS: joint review","analyst_assigned_EV007","SRC009","yes_official_source_record_or_claim","selected_source_sections_only","documented_shared_knowledge_meeting","purposive_mission_press_activities_no_total_site_census","not_estimated","yes"
"EV_EV008","retrospective_official_mission_and_DPPA_activity_records","field_visit","2025-12-07","2025-12-12","2025","not_applicable","not_applicable","EV008","UNOWAS_UNOCA","UNSC IEG: lead; UNOCA and UNOWAS advisers, DPPA-DPO regional team: accompanying participants","analyst_assigned_EV008","SRC013","yes_official_source_record_or_claim","selected_source_sections_only","joint_multi_entity_participation","purposive_mission_press_activities_no_total_site_census","not_estimated","yes"
"EV_EV009","retrospective_official_mission_and_DPPA_activity_records","meeting","2026-04-28","2026-04-28","2026","not_applicable","not_applicable","EV009","UNOWAS_UNOCA","UNOWAS and UNOCA: joint desk meeting","analyst_assigned_EV009","SRC011","yes_official_source_record_or_claim","selected_source_sections_only","documented_shared_knowledge_meeting","purposive_mission_press_activities_no_total_site_census","not_estimated","yes"
"EV_EV010","retrospective_official_mission_and_DPPA_activity_records","security_council_report","2025-03-26","2025-03-26","2025","S/2025/187","not_applicable","EV010","UNOWAS_UNOCA","UNOWAS: reporting focus; UN Secretary-General: issuer","analyst_assigned_EV010","SRC006","yes_official_source_record_or_claim","selected_source_sections_only","distinct_mandate_final_report","purposive_mission_press_activities_no_total_site_census","not_estimated","yes"
"EV_EV011","retrospective_official_mission_and_DPPA_activity_records","security_council_report","2025-05-30","2025-05-30","2025","S/2025/342","not_applicable","EV011","UNOWAS_UNOCA","UNOCA: reporting focus; UN Secretary-General: issuer","analyst_assigned_EV011","SRC005","yes_official_source_record_or_claim","selected_source_sections_only","distinct_mandate_final_report","purposive_mission_press_activities_no_total_site_census","not_estimated","yes"
"EV_EV012","retrospective_official_mission_and_DPPA_activity_records","security_council_report","2025-11-28","2025-11-28","2025","S/2025/771","not_applicable","EV012","UNOWAS_UNOCA","UNOWAS: reporting focus; SG: issuer","analyst_assigned_EV012","SRC010","yes_official_source_record_or_claim","selected_source_sections_only","distinct_mandate_final_report","purposive_mission_press_activities_no_total_site_census","not_estimated","yes"
"EV_EV013","retrospective_official_mission_and_DPPA_activity_records","security_council_report","2025-11-28","2025-11-28","2025","S/2025/772","not_applicable","EV013","UNOWAS_UNOCA","UNOCA: reporting focus; SG: issuer","analyst_assigned_EV013","SRC009","yes_official_source_record_or_claim","selected_source_sections_only","distinct_mandate_final_report","purposive_mission_press_activities_no_total_site_census","not_estimated","yes"
"EV_EV014","retrospective_official_mission_and_DPPA_activity_records","security_council_report","2026-05-29","2026-05-29","2026","S/2026/445","not_applicable","EV014","UNOWAS_UNOCA","UNOCA: reporting focus; SG: issuer","analyst_assigned_EV014","SRC011","yes_official_source_record_or_claim","selected_source_sections_only","distinct_mandate_final_report","purposive_mission_press_activities_no_total_site_census","not_estimated","yes"
"EV_EV015","retrospective_official_mission_and_DPPA_activity_records","security_council_report","2026-06-30","2026-06-30","2026","S/2026/537","not_applicable","EV015","UNOWAS_UNOCA","UNOWAS: reporting focus; SG: issuer","analyst_assigned_EV015","SRC012","yes_official_source_record_or_claim","selected_source_sections_only","distinct_mandate_final_report","purposive_mission_press_activities_no_total_site_census","not_estimated","yes"
"EV_EV016","retrospective_official_mission_and_DPPA_activity_records","security_council_briefing","2025-12-11","2025-12-11","2025","not_applicable","S/PV.10060","EV016","UNOWAS_UNOCA","UNOCA SRSG Abdou Abarry: briefer","analyst_assigned_EV016","SRC014","yes_official_source_record_or_claim","selected_source_sections_only","distinct_council_meeting","purposive_mission_press_activities_no_total_site_census","not_estimated","yes"
"EV_EV017","retrospective_official_mission_and_DPPA_activity_records","security_council_briefing","2025-12-18","2025-12-18","2025","not_applicable","S/PV.10073","EV017","UNOWAS_UNOCA","UNOWAS Deputy SRSG Barrie Freeman: briefer","analyst_assigned_EV017","SRC015","yes_official_source_record_or_claim","selected_source_sections_only","distinct_council_meeting","purposive_mission_press_activities_no_total_site_census","not_estimated","yes"
"EV_EV018","retrospective_official_mission_and_DPPA_activity_records","training_workshop","2025-04-22","2025-04-22","2025","not_applicable","not_applicable","EV018","UNAMA_UNRCCA","UNRCCA: host; UNAMA: cooperation and two speakers","analyst_assigned_EV018","SRC017","yes_official_source_record_or_claim","selected_source_sections_only","jointly_delivered_activity","purposive_mission_press_activities_no_total_site_census","not_estimated","yes"
"EV_EV019","retrospective_official_mission_and_DPPA_activity_records","meeting","2025-11-27","2025-11-28","2025","not_applicable","not_applicable","EV019","UNAMA_UNRCCA","UNRCCA: convened; UNAMA acting SRSG: participated","analyst_assigned_EV019","SRC019","yes_official_source_record_or_claim","selected_source_sections_only","participation_only_distinct_roles","purposive_mission_press_activities_no_total_site_census","not_estimated","yes"
"EV_EV020","retrospective_official_mission_and_DPPA_activity_records","training_workshop","2026-02-17","2026-02-19","2026","not_applicable","not_applicable","EV020","UNAMA_UNRCCA","DPPA and UNSSC: organizers; UNRCCA host/cooperation; UNAMA: cooperation and attendees","analyst_assigned_EV020","SRC018","yes_official_source_record_or_claim","selected_source_sections_only","jointly_delivered_activity","purposive_mission_press_activities_no_total_site_census","not_estimated","yes"
"EV_EV021","retrospective_official_mission_and_DPPA_activity_records","meeting","2026-06-15","2026-06-15","2026","not_applicable","not_applicable","EV021","UNAMA_UNRCCA","Kazakhstan MFA: host; UNRCCA and UNAMA: UN participants","analyst_assigned_EV021","SRC020","yes_official_source_record_or_claim","selected_source_sections_only","participation_only_distinct_roles","purposive_mission_press_activities_no_total_site_census","not_estimated","yes"
"EV_EV022","retrospective_official_mission_and_DPPA_activity_records","training_workshop","2025-09-15","2025-09-19","2025","not_applicable","not_applicable","EV022","UNAMA_UNRCCA","UNRCCA and UNOCT: organizers; UNAMA: one of participating entities","analyst_assigned_EV022","SRC021","yes_official_source_record_or_claim","selected_source_sections_only","participation_only_distinct_roles","purposive_mission_press_activities_no_total_site_census","not_estimated","yes"
"EV_EV023","retrospective_official_mission_and_DPPA_activity_records","security_council_report","2025-12-03","2025-12-03","2025","S/2025/789","not_applicable","EV023","UNAMA_UNRCCA","UNAMA country mission: substantive focus; SG: issuer","analyst_assigned_EV023","SRC022","yes_official_source_record_or_claim","selected_source_sections_only","distinct_mandate_final_report","purposive_mission_press_activities_no_total_site_census","not_estimated","yes"
"EV_EV024","retrospective_official_mission_and_DPPA_activity_records","security_council_report","2026-02-27","2026-02-27","2026","S/2026/99","not_applicable","EV024","UNAMA_UNRCCA","UNAMA country mission: substantive focus; SG: issuer","analyst_assigned_EV024","SRC023","yes_official_source_record_or_claim","selected_source_sections_only","distinct_mandate_final_report","purposive_mission_press_activities_no_total_site_census","not_estimated","yes"
"EV_EV025","retrospective_official_mission_and_DPPA_activity_records","security_council_briefing","2025-12-10","2025-12-10","2025","not_applicable","S/PV.10058","EV025","UNAMA_UNRCCA","UNAMA Deputy SRSG Georgette Gagnon: briefer","analyst_assigned_EV025","SRC022","yes_official_source_record_or_claim","selected_source_sections_only","distinct_council_meeting","purposive_mission_press_activities_no_total_site_census","not_estimated","yes"
"EV_EV026","retrospective_official_mission_and_DPPA_activity_records","meeting","2025-05-27","2025-05-27","2025","not_applicable","not_applicable","EV026","DPPA_DPO_REGIONAL","DPPA and DPO: jointly conducting review; GA convened consultation","analyst_assigned_EV026","SRC027","yes_official_source_record_or_claim","selected_source_sections_only","jointly_delivered_activity","purposive_mission_press_activities_no_total_site_census","not_estimated","yes"
"EV_EV027","retrospective_official_mission_and_DPPA_activity_records","joint_guidance","2025-04-01","2025-04-30","2025","not_applicable","not_applicable","EV027","DPPA_DPO_REGIONAL","DPO, DPPA and DOS: co-endorsers","analyst_assigned_EV027","SRC029","yes_official_source_record_or_claim","selected_source_sections_only","jointly_produced_guidance","purposive_mission_press_activities_no_total_site_census","not_estimated","yes"
"EV_EV028","retrospective_official_mission_and_DPPA_activity_records","joint_report","2026-07-22","2026-07-22","2026","not_applicable","not_applicable","EV028","DPPA_DPO_REGIONAL","DPPA and DPO: joint review leads; SG: report issuer","analyst_assigned_EV028","SRC028","yes_official_source_record_or_claim","selected_source_sections_only","jointly_produced_guidance","purposive_mission_press_activities_no_total_site_census","not_estimated","yes"
"EV_EV029","retrospective_official_mission_and_DPPA_activity_records","security_council_briefing","2025-07-02","2025-07-02","2025","not_applicable","not_applicable","EV029","DPPA_DPO_REGIONAL","ASG Miroslav Jenca: one DPPA/DPO joint department briefer","analyst_assigned_EV029","SRC024","yes_official_source_record_or_claim","selected_source_sections_only","single_integrated_staff_output","purposive_mission_press_activities_no_total_site_census","not_estimated","yes"
"EV_EV030","retrospective_official_mission_and_DPPA_activity_records","security_council_briefing","2025-08-01","2025-08-01","2025","not_applicable","not_applicable","EV030","DPPA_DPO_REGIONAL","ASG Miroslav Jenca: one DPPA/DPO joint department briefer","analyst_assigned_EV030","SRC025","yes_official_source_record_or_claim","selected_source_sections_only","single_integrated_staff_output","purposive_mission_press_activities_no_total_site_census","not_estimated","yes"
"EV_EV031","retrospective_official_mission_and_DPPA_activity_records","security_council_briefing","2026-04-28","2026-04-28","2026","not_applicable","S/PV.10146","EV031","DPPA_DPO_REGIONAL","ASG Khaled Khiari: one briefer for joint pillar","analyst_assigned_EV031","SRC026","yes_official_source_record_or_claim","selected_source_sections_only","single_integrated_staff_output","purposive_mission_press_activities_no_total_site_census","not_estimated","yes"
"EV_EV032","retrospective_official_mission_and_DPPA_activity_records","staffing_structural","2025-03-05","2025-03-18","2025","not_applicable","not_applicable","EV032","DPPA_DPO_REGIONAL","Joint Americas Division: one integrated recruitment","analyst_assigned_EV032","SRC037","yes_official_source_record_or_claim","selected_source_sections_only","existing_joint_structure_not_deliverable","purposive_mission_press_activities_no_total_site_census","not_estimated","yes"
"EV_EV033","retrospective_official_mission_and_DPPA_activity_records","training_workshop","2025-07-21","2025-07-22","2025","not_applicable","not_applicable","EV033","TRAINING_COMPARISON","UNRCCA UNOCT: organizers; Tajikistan and Uzbekistan: state trainees","analyst_assigned_EV033","SRC034","yes_official_source_record_or_claim","selected_source_sections_only","separate_training_cohort","purposive_mission_press_activities_no_total_site_census","not_estimated","yes"
"EV_EV034","retrospective_official_mission_and_DPPA_activity_records","training_workshop","2025-07-24","2025-07-25","2025","not_applicable","not_applicable","EV034","TRAINING_COMPARISON","UNRCCA UNOCT: organizers; Kazakhstan and Kyrgyzstan: state trainees","analyst_assigned_EV034","SRC035","yes_official_source_record_or_claim","selected_source_sections_only","separate_training_cohort","purposive_mission_press_activities_no_total_site_census","not_estimated","yes"
"EV_EV035","retrospective_official_mission_and_DPPA_activity_records","training_workshop","2025-12-02","2025-12-05","2025","not_applicable","not_applicable","EV035","TRAINING_COMPARISON","DPPA Innovation Cell/QCRI: organizers; joint DPPA/DPO Americas staff: one participant","analyst_assigned_EV035","SRC031","yes_official_source_record_or_claim","selected_source_sections_only","distinct_course_shared_staff_audience","purposive_mission_press_activities_no_total_site_census","not_estimated","yes"
"EV_EV036","retrospective_official_mission_and_DPPA_activity_records","training_syllabus","2025-08-01","2025-08-31","2025","not_applicable","not_applicable","EV036","TRAINING_COMPARISON","UNMISS, UNPOL and CSM: joint training resource developers","analyst_assigned_EV036","SRC032","yes_official_source_record_or_claim","selected_source_sections_only","distinct_specialized_training_resource","purposive_mission_press_activities_no_total_site_census","not_estimated","yes"
"EV_EV037","retrospective_official_mission_and_DPPA_activity_records","training_workshop","2025-06-01","2025-06-05","2025","not_applicable","not_applicable","EV037","TRAINING_COMPARISON","DPPA PBSO, UNSSC, CSM: organizers","analyst_assigned_EV037","SRC033","yes_official_source_record_or_claim","selected_source_sections_only","distinct_political_programming_training","purposive_mission_press_activities_no_total_site_census","not_estimated","yes"
"EV_EV038","retrospective_official_mission_and_DPPA_activity_records","practice_note","2024-10-01","2024-10-31","2024","not_applicable","not_applicable","EV038","TRAINING_COMPARISON","UNOCA/DPPA/DPO/UNSSC: co-organized 2024 workshop","analyst_assigned_EV038","SRC036","yes_official_source_record_or_claim","selected_source_sections_only","outside_requested_event_window","purposive_mission_press_activities_no_total_site_census","not_estimated","no_excluded_2024_event"
"EV_EV039","retrospective_official_mission_and_DPPA_activity_records","training_workshop","2026-04-28","2026-04-28","2026","not_applicable","not_applicable","EV039","UNAMA_UNRCCA","UNRCCA Academy host; UNAMA political officer contributor","analyst_assigned_EV039","SRC043","yes_official_source_record_or_claim","selected_source_sections_only","jointly_delivered_activity","purposive_mission_press_activities_no_total_site_census","not_estimated","yes"
"EV_EV040","retrospective_official_mission_and_DPPA_activity_records","training_workshop","2026-04-08","2026-04-08","2026","not_applicable","not_applicable","EV040","UNAMA_UNRCCA","UNRCCA organizer; UNAMA not explicitly named a co-organizer","analyst_assigned_EV040","SRC044","yes_official_source_record_or_claim","selected_source_sections_only","UNRCCA_hosted_separate_session","purposive_mission_press_activities_no_total_site_census","not_estimated","yes"
"EV_EV041","retrospective_official_mission_and_DPPA_activity_records","training_workshop","2026-06-23","2026-06-23","2026","not_applicable","not_applicable","EV041","UNOWAS_UNOCA","UNOWAS UNODC joint organizers; UNOCA unverified involvement","analyst_assigned_EV041","SRC045","yes_official_source_record_or_claim","selected_source_sections_only","partner_elsewhere_not_UNOCA","purposive_mission_press_activities_no_total_site_census","not_estimated","yes"
"EV_EV042","retrospective_official_mission_and_DPPA_activity_records","analytical_publication","2026-10-06","2026-10-06","2026","not_applicable","not_applicable","EV042","UNOWAS_UNOCA","UNOCA original publisher; UNOWAS co-authorship unverified","analyst_assigned_EV042","SRC046","yes_official_source_record_or_claim","selected_source_sections_only","regional_mandate_distinct_publication","purposive_mission_press_activities_no_total_site_census","not_estimated","yes"
"EV_EV043","retrospective_official_mission_and_DPPA_activity_records","security_council_briefing","2026-07-14","2026-07-14","2026","not_applicable","S/PV.10195","EV043","UNOWAS_UNOCA","Security Council meeting; UNOWAS reporting focus","analyst_assigned_EV043","SRC047","yes_official_source_record_or_claim","selected_source_sections_only","distinct_council_meeting","purposive_mission_press_activities_no_total_site_census","not_estimated","yes"
"EV_EV044","retrospective_official_mission_and_DPPA_activity_records","security_council_briefing","2026-06-08","2026-06-08","2026","not_applicable","S/PV.10165","EV044","UNAMA_UNRCCA","Council Afghanistan meeting; UNAMA reporting focus","analyst_assigned_EV044","SRC049","yes_official_source_record_or_claim","selected_source_sections_only","country_report_meeting_link","purposive_mission_press_activities_no_total_site_census","not_estimated","yes"
"EV_EV045","retrospective_official_mission_and_DPPA_activity_records","security_council_briefing","2026-09-16","2026-09-16","2026","not_applicable","S/PV.10223","EV045","UNAMA_UNRCCA","Council Afghanistan meeting; UNAMA reporting focus","analyst_assigned_EV045","SRC048","yes_official_source_record_or_claim","selected_source_sections_only","country_report_meeting_link","purposive_mission_press_activities_no_total_site_census","not_estimated","yes"
"EV_EV046","retrospective_official_mission_and_DPPA_activity_records","security_council_briefing","2026-03-09","2026-03-09","2026","not_applicable","S/PV.10116","EV046","UNAMA_UNRCCA","UNAMA country mandate Council meeting","analyst_assigned_EV046","SRC050","yes_official_source_record_or_claim","selected_source_sections_only","distinct_council_meeting","purposive_mission_press_activities_no_total_site_census","not_estimated","yes"
