"record_id","report_symbol","report_date_as_indexed","meeting_record","meeting_date","lag_calendar_days","entity","meeting_topic_as_indexed","document_title_as_indexed","evidence_status","evidence_url","meeting_official_transcript_url","original_SG_link","report_is_distinct_final_document","briefing_is_separate_authorized_delivery","identical_report_with_other_mission","joint_editorial_or_budget_savings","linked_to_2025_26_public_audit","asof"
"RM001","S/2025/109","2025-02-21","S/PV.9875","2025-03-10","17","UNAMA","The situation in Afghanistan","The situation in Afghanistan and its implications for international peace and security","explicit_agenda_report","https://digitallibrary.un.org/record/4078968/files/S_PV.9875-EN.pdf","https://docs.un.org/S/PV.9875","https://documents.un.org/api/symbol/access?j=N2503559&t=pdf&i=A/79/797_1741206602193","yes","yes","not_tested","not_estimated","yes_2025_26_documentary_census_not_transaction_verification","2026-10-08"
"RM002","S/2025/187","2025-03-26","S/PV.9890","2025-04-03","8","UNOWAS","Peace consolidation in West Africa","Activities of the United Nations Office for West Africa and the Sahel","explicit_agenda_report","https://digitallibrary.un.org/record/4080352/files/S_PV.9890-EN.pdf","https://docs.un.org/S/PV.9890","https://documents.un.org/api/symbol/access?j=N2506305&t=pdf&i=S/2025/187_1743627601713","yes","yes","not_tested","not_estimated","yes_2025_26_documentary_census_not_transaction_verification","2026-10-08"
"RM003","S/2025/342","2025-05-30","S/PV.9931","2025-06-09","10","UNOCA","Central African region","The situation in Central Africa and the activities of the United Nations Regional Office for Central Africa","explicit_agenda_report","https://main.un.org/securitycouncil/en/events/9931st-meeting-unocalra","https://docs.un.org/S/PV.9931","https://documents.un.org/api/symbol/access?j=N2512625&t=pdf&i=S/2025/342_1749157683410","yes","yes","not_tested","not_estimated","yes_2025_26_documentary_census_not_transaction_verification","2026-10-08"
"RM004","S/2025/372","2025-06-11","S/PV.9942","2025-06-23","12","UNAMA","The situation in Afghanistan","The situation in Afghanistan and its implications for international peace and security","explicit_agenda_report","https://main.un.org/securitycouncil/en/events/9942nd-meeting-unama","https://docs.un.org/S/PV.9942","https://documents.un.org/api/symbol/access?j=N2513359&t=pdf&i=A/79/947_1750194084110","yes","yes","not_tested","not_estimated","yes_2025_26_documentary_census_not_transaction_verification","2026-10-08"
"RM005","S/2025/495","2025-07-31","S/PV.9974","2025-08-07","7","UNOWAS","Peace consolidation in West Africa","Activities of the United Nations Office for West Africa and the Sahel","explicit_agenda_report","https://digitallibrary.un.org/record/4087656/files/S_PV.9974-EN.pdf","https://docs.un.org/S/PV.9974","https://documents.un.org/api/symbol/access?j=N2519038&t=pdf&i=S/2025/495_1754515141281","yes","yes","not_tested","not_estimated","yes_2025_26_documentary_census_not_transaction_verification","2026-10-08"
"RM006","S/2025/554","2025-09-05","S/PV.9998","2025-09-17","12","UNAMA","The situation in Afghanistan","The situation in Afghanistan and its implications for international peace and security","explicit_agenda_report","https://main.un.org/securitycouncil/en/events/9998th-meeting-unama-following-adjournment-9997th-meeting","https://docs.un.org/S/PV.9998","https://documents.un.org/api/symbol/access?j=N2522699&t=pdf&i=A/80/366_1758055742170","yes","yes","not_tested","not_estimated","yes_2025_26_documentary_census_not_transaction_verification","2026-10-08"
"RM007","S/2025/789","2025-12-03","S/PV.10058","2025-12-10","7","UNAMA","The situation in Afghanistan","The situation in Afghanistan and its implications for international peace and security","explicit_agenda_report","https://digitallibrary.un.org/record/4097837/files/S_PV.10058-EN.pdf","https://docs.un.org/S/PV.10058","https://documents.un.org/api/symbol/access?j=N2531861&t=pdf&i=A/80/556_1765317842236","yes","yes","not_tested","not_estimated","yes_2025_26_documentary_census_not_transaction_verification","2026-10-08"
"RM008","S/2025/772","2025-11-28","S/PV.10060","2025-12-11","13","UNOCA","Central African region","The situation in Central Africa and the activities of the United Nations Regional Office for Central Africa","explicit_agenda_report","https://main.un.org/securitycouncil/en/events/10060th-meeting-unocalra","https://docs.un.org/S/PV.10060","https://documents.un.org/api/symbol/access?j=N2531203&t=pdf&i=S/2025/772_1765225580651","yes","yes","not_tested","not_estimated","yes_2025_26_documentary_census_not_transaction_verification","2026-10-08"
"RM009","S/2025/771","2025-11-28","S/PV.10073","2025-12-18","20","UNOWAS","Peace consolidation in West Africa","Activities of the United Nations Office for West Africa and the Sahel","explicit_UN_Web_TV_report","https://webtv.un.org/en/asset/k1w/k1w3x86isk","https://docs.un.org/S/PV.10073","https://documents.un.org/api/symbol/access?j=N2531915&t=pdf&i=S/2025/771_1765557125435","yes","yes","not_tested","not_estimated","yes_2025_26_documentary_census_not_transaction_verification","2026-10-08"
"RM010","S/2026/99","2026-02-27","S/PV.10116","2026-03-09","10","UNAMA","The situation in Afghanistan","Situation in Afghanistan and its implications for international peace and security","topic_time_candidate_not_verified_agenda","https://docs.un.org/en/S/PV.10116","https://docs.un.org/S/PV.10116","https://docs.un.org/en/S/2026/99","yes","yes","not_tested","not_estimated","yes_2025_26_documentary_census_not_transaction_verification","2026-10-08"
"RM011","S/2026/431","2026-05-22","S/PV.10165","2026-06-08","17","UNAMA","The situation in Afghanistan","The situation in Afghanistan and its implications for international peace and security","explicit_agenda_report","https://main.un.org/securitycouncil/en/events/10165th-meeting-unama","https://docs.un.org/S/PV.10165","https://docs.un.org/en/S/2026/431","yes","yes","not_tested","not_estimated","yes_2025_26_documentary_census_not_transaction_verification","2026-10-08"
"RM012","S/2026/445","2026-05-29","S/PV.10167","2026-06-09","11","UNOCA","Central African region","Situation in Central Africa and the activities of the United Nations Regional Office for Central Africa (UNOCA)","explicit_UN_Web_TV_report","https://webtv.un.org/en/asset/k1y/k1yirjlqmb","https://docs.un.org/S/PV.10167","https://docs.un.org/en/S/2026/445","yes","yes","not_tested","not_estimated","yes_2025_26_documentary_census_not_transaction_verification","2026-10-08"
"RM013","S/2026/537","2026-06-30","S/PV.10195","2026-07-14","14","UNOWAS","Peace consolidation in West Africa","Activities of the United Nations Office for West Africa and the Sahel","UN_distributed_press_preview_report","https://main.un.org/securitycouncil/en/events/10195th-meeting-unowas","https://docs.un.org/S/PV.10195","https://docs.un.org/en/S/2026/537","yes","yes","not_tested","not_estimated","yes_2025_26_documentary_census_not_transaction_verification","2026-10-08"
"RM014","S/2026/724","2026-09-09","S/PV.10223","2026-09-16","7","UNAMA","The situation in Afghanistan","The situation in Afghanistan and its implications for international peace and security","explicit_agenda_report","https://main.un.org/securitycouncil/en/events/10223rd-meeting-unama","https://docs.un.org/S/PV.10223","https://docs.un.org/en/S/2026/724","yes","yes","not_tested","not_estimated","yes_2025_26_documentary_census_not_transaction_verification","2026-10-08"
