"option_id","public_priority","entities","proposed_shared_production_area","canonical_event_ids","match_ids","evidence_grade","public_only_reuse_test","official_source_basis","prior_reuse_case","distinct_mandate_or_count_protection","verified_new_net_savings_usd"
"SC01","1","UNOWAS+UNOCA","joint_Nigeria_mission_and_Dakar_workshop","EV001;EV003","MX001;MX003","verified_joint_delivery_2025","One canonical field/training event; shared source dossier feeds distinct reports","2025_event_calendar_and_SG_report_references","R01;R02","retain_two_regional_SC_reports","not_estimated"
"SC02","2","DPPA+DPO","joint_Mission_Concept_guidance_and_SG_review","EV027;EV028","MX023;MX024","verified_joint_policy_product","Reuse one controlled guidance/report version and review approvals","Joint policy final report and endorsed guidance","R03","joint_guidance_already_delivered_not_two_cuts","not_estimated"
"SC03","3","UNRCCA+UNAMA","2025_Academy_and_2026_co_training","EV018;EV020;EV039","MX015;MX016;NX01","verified_joint_training_delivery","Shared curriculum assets, calendar and evaluation while retaining course ownership","UNRCCA and UNAMA official event releases","R05","coorganizer_host_participant_roles_not_identical","not_estimated"
"SC04","4","DPPA+DPO regional","integrated_ASG_briefings","EV029;EV030;EV031","MX025;MX026;MX027","verified_single_integrated_briefings","One authorized factual briefing pack keyed to Security Council meeting","DPPA-DPO ASG speeches and Council records","R04","no_extra_duplicated_speaker_cost_inferred","not_estimated"
"SC05","5","UNOWAS+UNOCA+DPPA-DPO","Lake_Chad_shared_climate_security_context","EV008;EV009;EV042","MX008;MX009;NX04","observed_coordination_and_distinct_local_publication","Shared transregional geospatial layer while preserving Eastern Chad unique assessment","Official UNOCA regional source and field visit","R06","UNOCA_publication_not_proven_UNOWAS_joint_authorship","not_estimated"
"SC06","6","UNRCCA+UNOCT","repeatable_AI_OSINT_early_warning_series","EV033;EV034","MX029;NX09","related_curricula_distinct_national_cohorts","Single versioned open-source lesson plan, secure modules remain separated","UNRCCA official two training releases","R08","distinct_events_are_not_duplicates","not_estimated"
"SC07","7","UNOWAS+UNOCA","same_event_in_distinct_SG_reports","EV003;EV010;EV011","MX010","verified_shared_event_input_not_identical_document","Publish common source event ID and attribution across mandated Council reports","S/2025/187 and S/2025/342","R10","do_not_remove_required_reports","not_estimated"
"SC08","8","UNAMA","SG_country_report_to_SC_meeting","EV044;EV045","NX06;NX07","official_agenda_report_link","Versioned reports and meeting packets using source document IDs; no proven duplicated writing","2026 UNAMA Council calendar reports /431 and /724","none","meeting_and_report_distinct_products","not_estimated"
"SC09","9","UNFICYP+Cyprus_Good_Offices","paired_SG_reports_same_issue_date","none","P01;P02;P03","official_index_only_distinct_symbols","Possible shared country source timeline; maintain peacekeeping and good offices reports","2025/2026 official SG report annual indexes","none","matched_date_not_proven_same_content","not_estimated"
"SC10","10","MONUSCO+Great_Lakes_Envoy","adjacent_DRC_regional_framework_reports","none","P07;P08;P09;P10","official_index_only_different_report_families","If full texts support it share conflict event source metadata not reporting authority","2025/2026 official SG report annual indexes","none","no_same_paragraph_verified","not_estimated"
"SC11","11","UNIFIL+Lebanon_1559","Lebanon_two_reporting_mandates","none","P11;P12","official_index_only_distinct_SC_resolution_mandates","Compare common factual timeline while keeping resolution 1701/1559 reporting separate","2025/2026 SG annual report indexes","none","different_mandated_legal_products","not_estimated"
"SC12","12","UNOWAS+UNODC","2026_Dakar_emerging_drugs_workshop","EV041","NX03","joint_with_different_partner","Share workshop vendor/event evidence with UNODC, not assume UNOCA participation","UNOWAS 23 June 2026 official news index","none","do_not_assign_UNOCA_as_convenor","not_estimated"
"SC13","13","UNAMA+UNRCCA","2026_joint_Academy_opening_and_session","EV039;EV040","NX01;NX02","same_academy_separate_events","Reuse programme infrastructure, preserve two event dates","UNRCCA 8 and 28 April 2026 sources","none","opening_not_same_course_as_joint_session","not_estimated"
