"pair_id","year","symbol_A","symbol_B","geography","pairing","date_relationship","documentary_identity_class","reuse_status","required_content_test","actual_shared_passage_verified"
"P01","2025","S/2025/447","S/2025/448","Cyprus","peacekeeping_operation_vs_SG_good_offices","same_day_2025_07_03","same_island_different_mandates","distinct_final_products","No identity claim without report text; coordinate technical context only","not_verified"
"P02","2026","S/2026/8","S/2026/9","Cyprus","peacekeeping_operation_vs_SG_good_offices","same_day_2026_01_05","same_island_different_mandates","distinct_final_products","Do not conflate one peacekeeping operation report and good offices report","not_verified"
"P03","2026","S/2026/550","S/2026/551","Cyprus","peacekeeping_operation_vs_SG_good_offices","same_day_2026_07_06","same_island_different_mandates","distinct_final_products","Potential common situation annex, but separate reporting duties","not_verified"
"P04","2025","S/2025/187","S/2025/342","Lake_Chad","UNOWAS_vs_UNOCA","event_shared_Dakar_Feb_2025","joint_workshop_reported_by_both","verified_shared_event_input","One canonical workshop; different Council reports","verified_source_event"
"P05","2025","S/2025/771","S/2025/772","West_Central_Africa","UNOWAS_vs_UNOCA","same_issue_date_2025_11_28","distinct_regional_report_symbols","distinct_final_products","Separate mandated source reports despite common cross-regional issues","not_verified_text_reuse"
"P06","2026","S/2026/445","S/2026/537","West_Central_Africa","UNOWAS_vs_UNOCA","2026_05_29_vs_2026_06_30","different_issue_date","distinct_final_products","Compare only indexed cross-regional materials and specific report paragraphs","not_verified_text_reuse"
"P07","2025","S/2025/403","S/2025/202","DRC_Great_Lakes","MONUSCO_vs_GreatLakes_Envoy","different_period_same_region","distinct_field_and_regional_framework","candidate_common_source_only","Do not equate armed mission monitoring with diplomatic framework","not_verified"
"P08","2025","S/2025/590","S/2025/615","DRC_Great_Lakes","MONUSCO_vs_GreatLakes_Envoy","about_12_days_apart","two_distinct_mandated_SC_reports","candidate_common_source_only","Check document citations, not reported country alone","not_verified"
"P09","2026","S/2026/208","S/2026/256","DRC_Great_Lakes","MONUSCO_vs_GreatLakes_Envoy","about_12_days_apart","field_mission_vs_regional_process","candidate_common_source_only","Possible source maps but independent Council request","not_verified"
"P10","2026","S/2026/748","S/2026/782","DRC_Great_Lakes","MONUSCO_vs_GreatLakes_Envoy","2026_09_21_to_10_01","different_SC_report_subject","candidate_common_source_only","Do not deduplicate symbolic reports before full text comparison","not_verified"
"P11","2025","S/2025/460","S/2025/254","Lebanon","UNIFIL_vs_1559","different_period_2025","operational_vs_res1559_political","candidate_common_source_only","UNIFIL 1701 and Lebanon 1559 are separately tasked","not_verified"
"P12","2026","S/2026/160","S/2026/366","Lebanon","UNIFIL_vs_1559","different_period_2026","operational_vs_res1559_political","candidate_common_source_only","Keep legal reporting distinct despite same geography","not_verified"
"P13","2025","S/2025/269","S/2025/211","Abyei_South_Sudan","UNISFA_vs_UNMISS","different_dates_2025","field_support_and_regional_context","candidate_shared_logistics","Geography partially overlaps, missions not interchangeable","not_verified"
"P14","2026","S/2026/378","S/2026/316","Abyei_South_Sudan","UNISFA_vs_UNMISS","different_dates_2026","different_Council_mandate","candidate_shared_logistics","Look for identical supplier service or travel, not identical peacekeeping report","not_verified"
"P15","2026","S/2026/494","S/2026/445","Central_Africa","MINUSCA_vs_UNOCA","June_2026_vs_May_2026","country_operational_vs_regional_political","candidate_shared_input_only","Same situation topics do not prove duplicate mandated output","not_verified"
