"year","symbol","date","mission","official_index","evidence_stage","identity_rule"
"2025","S/2025/187","2025-03-26","UNOWAS","https://main.un.org/securitycouncil/en/content/reports-submitted-transmitted-secretary-general-security-council-2025","official_catalogue_title_date_only","distinct_symbol_not_inferred_shared_content"
"2025","S/2025/495","2025-07-31","UNOWAS","https://main.un.org/securitycouncil/en/content/reports-submitted-transmitted-secretary-general-security-council-2025","official_catalogue_title_date_only","distinct_symbol_not_inferred_shared_content"
"2025","S/2025/771","2025-11-28","UNOWAS","https://main.un.org/securitycouncil/en/content/reports-submitted-transmitted-secretary-general-security-council-2025","official_catalogue_title_date_only","distinct_symbol_not_inferred_shared_content"
"2026","S/2026/537","2026-06-30","UNOWAS","https://main.un.org/securitycouncil/en/content/reports-submitted-transmitted-secretary-general-security-council-2026","official_catalogue_title_date_only","distinct_symbol_not_inferred_shared_content"
"2025","S/2025/342","2025-05-30","UNOCA","https://main.un.org/securitycouncil/en/content/reports-submitted-transmitted-secretary-general-security-council-2025","official_catalogue_title_date_only","distinct_symbol_not_inferred_shared_content"
"2025","S/2025/772","2025-11-28","UNOCA","https://main.un.org/securitycouncil/en/content/reports-submitted-transmitted-secretary-general-security-council-2025","official_catalogue_title_date_only","distinct_symbol_not_inferred_shared_content"
"2026","S/2026/445","2026-05-29","UNOCA","https://main.un.org/securitycouncil/en/content/reports-submitted-transmitted-secretary-general-security-council-2026","official_catalogue_title_date_only","distinct_symbol_not_inferred_shared_content"
"2025","S/2025/372","2025-06-11","UNAMA","https://main.un.org/securitycouncil/en/content/reports-submitted-transmitted-secretary-general-security-council-2025","official_catalogue_title_date_only","distinct_symbol_not_inferred_shared_content"
"2025","S/2025/554","2025-09-05","UNAMA","https://main.un.org/securitycouncil/en/content/reports-submitted-transmitted-secretary-general-security-council-2025","official_catalogue_title_date_only","distinct_symbol_not_inferred_shared_content"
"2025","S/2025/789","2025-12-03","UNAMA","https://main.un.org/securitycouncil/en/content/reports-submitted-transmitted-secretary-general-security-council-2025","official_catalogue_title_date_only","distinct_symbol_not_inferred_shared_content"
"2026","S/2026/99","2026-02-27","UNAMA","https://main.un.org/securitycouncil/en/content/reports-submitted-transmitted-secretary-general-security-council-2026","official_catalogue_title_date_only","distinct_symbol_not_inferred_shared_content"
"2026","S/2026/431","2026-05-22","UNAMA","https://main.un.org/securitycouncil/en/content/reports-submitted-transmitted-secretary-general-security-council-2026","official_catalogue_title_date_only","distinct_symbol_not_inferred_shared_content"
"2026","S/2026/724","2026-09-09","UNAMA","https://main.un.org/securitycouncil/en/content/reports-submitted-transmitted-secretary-general-security-council-2026","official_catalogue_title_date_only","distinct_symbol_not_inferred_shared_content"
"2025","S/2025/223","2025-04-11","UNSMIL","https://main.un.org/securitycouncil/en/content/reports-submitted-transmitted-secretary-general-security-council-2025","official_catalogue_title_date_only","distinct_symbol_not_inferred_shared_content"
"2025","S/2025/509","2025-08-08","UNSMIL","https://main.un.org/securitycouncil/en/content/reports-submitted-transmitted-secretary-general-security-council-2025","official_catalogue_title_date_only","distinct_symbol_not_inferred_shared_content"
"2025","S/2025/792","2025-12-05","UNSMIL","https://main.un.org/securitycouncil/en/content/reports-submitted-transmitted-secretary-general-security-council-2025","official_catalogue_title_date_only","distinct_symbol_not_inferred_shared_content"
"2026","S/2026/281","2026-04-06","UNSMIL","https://main.un.org/securitycouncil/en/content/reports-submitted-transmitted-secretary-general-security-council-2026","official_catalogue_title_date_only","distinct_symbol_not_inferred_shared_content"
"2026","S/2026/661","2026-08-10","UNSMIL","https://main.un.org/securitycouncil/en/content/reports-submitted-transmitted-secretary-general-security-council-2026","official_catalogue_title_date_only","distinct_symbol_not_inferred_shared_content"
"2025","S/2025/226","2025-04-14","BINUH","https://main.un.org/securitycouncil/en/content/reports-submitted-transmitted-secretary-general-security-council-2025","official_catalogue_title_date_only","distinct_symbol_not_inferred_shared_content"
"2025","S/2025/418","2025-06-27","BINUH","https://main.un.org/securitycouncil/en/content/reports-submitted-transmitted-secretary-general-security-council-2025","official_catalogue_title_date_only","distinct_symbol_not_inferred_shared_content"
"2025","S/2025/641","2025-10-14","BINUH","https://main.un.org/securitycouncil/en/content/reports-submitted-transmitted-secretary-general-security-council-2025","official_catalogue_title_date_only","distinct_symbol_not_inferred_shared_content"
"2026","S/2026/31","2026-01-15","BINUH","https://main.un.org/securitycouncil/en/content/reports-submitted-transmitted-secretary-general-security-council-2026","official_catalogue_title_date_only","distinct_symbol_not_inferred_shared_content"
"2026","S/2026/325","2026-04-14","BINUH","https://main.un.org/securitycouncil/en/content/reports-submitted-transmitted-secretary-general-security-council-2026","official_catalogue_title_date_only","distinct_symbol_not_inferred_shared_content"
"2026","S/2026/574","2026-07-14","BINUH","https://main.un.org/securitycouncil/en/content/reports-submitted-transmitted-secretary-general-security-council-2026","official_catalogue_title_date_only","distinct_symbol_not_inferred_shared_content"
"2025","S/2025/188","2025-03-27","Colombia","https://main.un.org/securitycouncil/en/content/reports-submitted-transmitted-secretary-general-security-council-2025","official_catalogue_title_date_only","distinct_symbol_not_inferred_shared_content"
"2025","S/2025/419","2025-06-27","Colombia","https://main.un.org/securitycouncil/en/content/reports-submitted-transmitted-secretary-general-security-council-2025","official_catalogue_title_date_only","distinct_symbol_not_inferred_shared_content"
"2025","S/2025/595","2025-09-26","Colombia","https://main.un.org/securitycouncil/en/content/reports-submitted-transmitted-secretary-general-security-council-2025","official_catalogue_title_date_only","distinct_symbol_not_inferred_shared_content"
"2025","S/2025/849","2025-12-26","Colombia","https://main.un.org/securitycouncil/en/content/reports-submitted-transmitted-secretary-general-security-council-2025","official_catalogue_title_date_only","distinct_symbol_not_inferred_shared_content"
"2026","S/2026/229","2026-03-26","Colombia","https://main.un.org/securitycouncil/en/content/reports-submitted-transmitted-secretary-general-security-council-2026","official_catalogue_title_date_only","distinct_symbol_not_inferred_shared_content"
"2026","S/2026/528","2026-06-26","Colombia","https://main.un.org/securitycouncil/en/content/reports-submitted-transmitted-secretary-general-security-council-2026","official_catalogue_title_date_only","distinct_symbol_not_inferred_shared_content"
"2026","S/2026/759","2026-09-25","Colombia","https://main.un.org/securitycouncil/en/content/reports-submitted-transmitted-secretary-general-security-council-2026","official_catalogue_title_date_only","distinct_symbol_not_inferred_shared_content"
"2025","S/2025/176","2025-03-20","MONUSCO","https://main.un.org/securitycouncil/en/content/reports-submitted-transmitted-secretary-general-security-council-2025","official_catalogue_title_date_only","distinct_symbol_not_inferred_shared_content"
"2025","S/2025/403","2025-06-23","MONUSCO","https://main.un.org/securitycouncil/en/content/reports-submitted-transmitted-secretary-general-security-council-2025","official_catalogue_title_date_only","distinct_symbol_not_inferred_shared_content"
"2025","S/2025/590","2025-09-19","MONUSCO","https://main.un.org/securitycouncil/en/content/reports-submitted-transmitted-secretary-general-security-council-2025","official_catalogue_title_date_only","distinct_symbol_not_inferred_shared_content"
"2025","S/2025/779","2025-12-01","MONUSCO","https://main.un.org/securitycouncil/en/content/reports-submitted-transmitted-secretary-general-security-council-2025","official_catalogue_title_date_only","distinct_symbol_not_inferred_shared_content"
"2026","S/2026/208","2026-03-19","MONUSCO","https://main.un.org/securitycouncil/en/content/reports-submitted-transmitted-secretary-general-security-council-2026","official_catalogue_title_date_only","distinct_symbol_not_inferred_shared_content"
"2026","S/2026/507","2026-06-19","MONUSCO","https://main.un.org/securitycouncil/en/content/reports-submitted-transmitted-secretary-general-security-council-2026","official_catalogue_title_date_only","distinct_symbol_not_inferred_shared_content"
"2026","S/2026/748","2026-09-21","MONUSCO","https://main.un.org/securitycouncil/en/content/reports-submitted-transmitted-secretary-general-security-council-2026","official_catalogue_title_date_only","distinct_symbol_not_inferred_shared_content"
"2025","S/2025/202","2025-04-01","GreatLakes","https://main.un.org/securitycouncil/en/content/reports-submitted-transmitted-secretary-general-security-council-2025","official_catalogue_title_date_only","distinct_symbol_not_inferred_shared_content"
"2025","S/2025/615","2025-10-01","GreatLakes","https://main.un.org/securitycouncil/en/content/reports-submitted-transmitted-secretary-general-security-council-2025","official_catalogue_title_date_only","distinct_symbol_not_inferred_shared_content"
"2026","S/2026/256","2026-03-31","GreatLakes","https://main.un.org/securitycouncil/en/content/reports-submitted-transmitted-secretary-general-security-council-2026","official_catalogue_title_date_only","distinct_symbol_not_inferred_shared_content"
"2026","S/2026/782","2026-10-01","GreatLakes","https://main.un.org/securitycouncil/en/content/reports-submitted-transmitted-secretary-general-security-council-2026","official_catalogue_title_date_only","distinct_symbol_not_inferred_shared_content"
