"event_id","event_start_date","event_end_date","event_date_precision","publication_date","deliverable_type","named_entities","evidenced_roles","canonical_event_or_publication","official_url","documented_reuse_type","adjudication_caution","linked_2027_deliverable_ids","source_stage","verified_duplicate_paid_service","incremental_net_savings_usd","census_limit"
"FTX001","2025-06-07","2025-06-07","exact_event_day","2025-06-12","joint_public_exhibition","DPPA+DPO+UNWomen+ElsieFund","joint_organizers","Through Her Lens women leading peace Photoville 2025 exhibit, Brooklyn","https://peacekeeping.un.org/en/news/when-women-lead-peace-follows-un-brings-stories-of-women-leading-peace-to","joint_communication_product_confirmed","New actual crosspillar outreach product distinct from mandated Council reports","DD07;TR08","official_dated_press_release_or_source_text","no","not_estimated","curated_addition_from_official_sources_not_all_published_events"
"FTX002","2025-09-23","2025-09-25","exact_range","2025-09-25","workshop","UNODC+UNRCCA","UNODC_organizer_UNRCCA_participant","Cross-regional prevention of foreign terrorist fighters judicial security workshop","https://unrcca.unmissions.org/en/news/unrcca-participates-cross-regional-workshop-strengthening-cooperation-prevent-and","participation_not_joint_delivery","Attending does not create a UNRCCA-owned course","UA03;TR05","official_dated_press_release_or_source_text","no","not_estimated","curated_addition_from_official_sources_not_all_published_events"
"FTX003","2025-10-13","2025-10-16","exact_range","2025-10-17","conference_training","UNRCCA+UNOCT+UNAMA","UNRCCA_UNOCT_organizers_UNAMA_present","Fifth CT Early Warning Network regional conference and OSINT training","https://unrcca.unmissions.org/en/node/50836","shared_series_distinct_event","Annual conference and related training; avoid counting sessions twice if nested","UA03;TR04","official_dated_press_release_or_source_text","no","not_estimated","curated_addition_from_official_sources_not_all_published_events"
"FTX004","2026-04-08","2026-04-08","exact_event_day","2026-04-09","training_academy","UNRCCA","UNRCCA_host_UNAMA_not_listed_as_coorganizer","UNRCCA 2026 Preventive Diplomacy Academy online opening","https://unrcca.unmissions.org/en/news/unrcca-launches-2026-preventive-diplomacy-academy-with-online-opening-session","UNRCCA_led_event","Different 2026 cohort from prior 2025 session; do not imply same course ID","UA03","official_dated_press_release_or_source_text","no","not_estimated","curated_addition_from_official_sources_not_all_published_events"
"FTX005","2026-04-13","2026-04-20","exact_range","2026-04-20","field_mission","ECOWAS+UNOWAS+Commonwealth","joint_guarantor_assessment_not_UNOCA","Third assessment mission on Sierra Leone Agreement for National Unity","https://unowas.unmissions.org/en/node/135074","joint_external_partner_field_mission","One guarantors mission; UNOCA not named as participant/co-organizer","UO04;UO07","official_dated_press_release_or_source_text","no","not_estimated","curated_addition_from_official_sources_not_all_published_events"
"FTX006","2026-04-28","2026-04-28","exact_event_day","2026-04-29","training_academy","UNRCCA+UNAMA","UNRCCA_2026_PDA_and_UNAMA_cooperation","PDA dialogue Central Asia and Afghanistan regional peace/security youth","https://unrcca.unmissions.org/en/news/unrcca-and-unama-engage-youth-in-preventive-diplomacy-academy-session-on-regional-peace","joint_academy_delivery_confirmed","Different cohort and date from 2025 Academy; shared educational delivery exists","UA03;UA05","official_dated_press_release_or_source_text","no","not_estimated","curated_addition_from_official_sources_not_all_published_events"
"FTX007","2026-05-13","2026-05-13","exact_event_day","2026-05-14","training_academy","UNRCCA+DPPA","UNRCCA_organizer_DPPA_Innovation_Cell_briefing","AI and digital innovation in conflict prevention Academy session","https://unrcca.unmissions.org/en/news/unrccas-preventive-diplomacy-academy-convenes-dialogue-on-ai-and-digital-innovation-in","cross_department_instructor_reuse","DPPA and DPO joint Peace and Security Data Hub shown, but DPO not a separately billed trainer","UA03;TR04;DD06","official_dated_press_release_or_source_text","no","not_estimated","curated_addition_from_official_sources_not_all_published_events"
"FTX008","2026-05-25","2026-05-25","exact_event_day","2026-05-26","workshop_panel","UNRCCA+UNAMA+Swiss_development","joint_water_panel_organizers","Dushanbe transboundary water-cooperation thematic panel including Afghanistan","https://unrcca.unmissions.org/en/news/srsg-kaha-imnadze-participates-in-the-pre-conference-forum-on-transboundary-cooperation","joint_panel_delivery_confirmed","One UNRCCA/UNAMA/Swiss panel hosted inside wider conference","UA03;UA07","official_dated_press_release_or_source_text","no","not_estimated","curated_addition_from_official_sources_not_all_published_events"
"FTX009","2026-02-01","2026-02-28","month_only","2026-06-08","strategic_publication","UNOCA+RCOs+ECCAS+CSM","UNOCA_lead_strategy_consulted_partners","UNOCA Climate Peace and Security Strategy Central Africa launched February 2026","https://unoca.unmissions.org/en/news/unoca-launches-its-climate-peace-and-security-strategy-for-central-africa","lead_product_consultation_not_UNOWAS_coauthor","June article announces February launch; separate publication and release date","UO05;UO07","official_dated_press_release_or_source_text","no","not_estimated","curated_addition_from_official_sources_not_all_published_events"
"FTX010","2026-06-23","2026-06-23","exact_event_day","2026-06-23","workshop","UNOWAS+UNODC","UNOWAS_UNODC_joint_organizers_UNOCA_not_named","Emerging drugs Senegal workshop Dakar","https://unowas.unmissions.org/en/news/lemergence-de-nouvelles-drogues-au-senegal-une-mobilisation-collective-pour-proteger-la","joint_non_UNOCA_partner_workshop","UNOWAS workshop with UNODC; cannot call UNOCA joint work","UO03","official_dated_press_release_or_source_text","no","not_estimated","curated_addition_from_official_sources_not_all_published_events"
"FTX011","2026-07-11","2026-07-16","exact_range","2026-07-18","field_mission","UNOCA","UNOCA_introductory_good_offices_mission","UNOCA Special Representative introductory Sao Tome and Principe mission","https://unoca.unmissions.org/en/press-releases/srsg-mohamed-el-amine-souef-calls-for-the-preservation-of-sao-tome-and","UNOCA_mission_alone","Multiple July 13/14/18 notices for one mission, not three visits","UO04","official_dated_press_release_or_source_text","no","not_estimated","curated_addition_from_official_sources_not_all_published_events"
"FTX012","not_verified","2026-08-03","end_only","2026-08-03","field_mission","UNOCA","UNOCA_first_contacts_Chad","UNOCA Special Representative N Djamena introductory mission","https://unoca.unmissions.org/en/news/srsg-souef-concludes-his-mission-on-first-contacts-with-national-authorities-in-ndjamena","UNOCA_mission_alone","Week-long mission reported as concluded 3 Aug, start date not verified","UO04","official_dated_press_release_or_source_text","no","not_estimated","curated_addition_from_official_sources_not_all_published_events"
"FTX013","2026-09-30","2026-09-30","exact_event_day","2026-10-01","training_academy","UNRCCA","UNRCCA_Peace_Circle_organizer","UNRCCA Preventive Diplomacy Academy Peace Circle on gender climate jobs","https://unrcca.unmissions.org/en/news/unrcca-preventive-diplomacy-academy-convenes-peace-circle-with-young-participants-from","UNRCCA_led_event","Central Asian/Afghan cohort does not mean UNAMA jointly organized","UA03;UA05","official_dated_press_release_or_source_text","no","not_estimated","curated_addition_from_official_sources_not_all_published_events"
"FTX014","2026-10-06","2026-10-06","publication_date_not_field_visit","2026-10-06","analytical_publication","UNOCA","UNOCA_publisher","Climate Peace and Security Assessment eastern Chad","https://unoca.unmissions.org/en/news","UNOCA_analytical_product","Published report is one output, not proof multiple field visits occurred that day","UO05;UO07","official_dated_press_release_or_source_text","no","not_estimated","curated_addition_from_official_sources_not_all_published_events"
"FTX015","not_verified","2026-04-25","publication_date_only","2026-04-25","field_mission_participation","UNOWAS","UNOWAS_Deputy_participant_not_workshop_host","UNOWAS Deputy visit The Gambia and two-day Sahel stabilization workshop","https://unowas.unmissions.org/en/news/deputy-special-representative-barrie-freeman-concludes-visit-to-the-gambia-underscores","participation_only","Two-day workshop dates not verified from release; no UNOWAS organizer assumption","UO04;UO03","official_dated_press_release_or_source_text","no","not_estimated","curated_addition_from_official_sources_not_all_published_events"
"FTX016","not_verified","2026-04-18","end_only","2026-04-21","field_mission","UNOWAS","UNOWAS_good_offices_visit","UNOWAS Special Representative working visit to Togo concluded 18 April 2026","https://unowas.unmissions.org/en/news","UNOWAS_mission_alone","Start date not established, news listing not direct full article","UO04","official_dated_press_release_or_source_text","no","not_estimated","curated_addition_from_official_sources_not_all_published_events"
"FTX017","2025-10-24","2025-10-25","date_precision_unverified","2025-10-25","training_academy","UNRCCA","UNRCCA_2025_preventive_diplomacy_academy","UNRCCA 2025 youth climate diplomacy Academy (approx event dates)","https://unrcca.unmissions.org/en/news","not_countable_exact_until_article_verified","Exclude from strict dated event total without explicit activity dates","UA03","index_citation_only_exclude_strict_dated_count","no","not_estimated","curated_addition_from_official_sources_not_all_published_events"
