"source_id","source_name","exact_locator","what_this_supports","source_url","evidence_type","limitations","assessed_on"
"DOC01","A/81/6 (Sect. 3)/Add.4","pp.7-11 Table3","UNIFIL assets efficiency $394k $36.9k $7.2k and BINUH $1.4m","https://docs.un.org/en/A/81/6%20(Sect.%203)/Add.4","proposal_estimate","not_transfer_manifest_or_payment","2026-10-08"
"DOC02","A/81/6 (Sect. 3)/Add.4","pp.107-109 paras273-275","BINUH February support handover; 2027 $4m reimbursement and aviation category change","https://docs.un.org/en/A/81/6%20(Sect.%203)/Add.4","SG_2027_proposal_and_management_report","not_settlement","2026-10-08"
"DOC03","S/2026/325","para40-41","UNSOH assumed standard BINUH support from 1 Feb 2026 on cost recovery; helicopters active Jan and Mar","https://www.un.org/sexualviolenceinconflict/wp-content/uploads/2026/04/report/united-nations-integrated-office-in-haiti-report-of-the-secretary-general/8788fc76-904c-49e0-abe6-6bab89bcf2de.pdf","implementation_statement","not_paid_invoice","2026-10-08"
"DOC04","A/81/6 (Sect. 3)/Add.1","pp.13-15 paras51-55; p52 Table7","RSCE SPM 2027 share 3.2591m and Kuwait planned clients transfer","https://docs.un.org/en/A/81/6%20(Sect.%203)/Add.1","SPM_budget_and_plan","no_client_accounting","2026-10-08"
"DOC05","A/C.5/80/20","Annex p3 and footnote a","RSCE 2026/27 approved total $45.9116m and multi-entity $3.4432m share","https://docs.un.org/en/A/C.5/80/20","GA_approved_budget","not_client_journals","2026-10-08"
"DOC06","A/80/611","paras54-58 p18","RSCE model: -25 payroll FTE; -10 other processing; +44 Kuwait clients; net +9","https://digitallibrary.un.org/record/4106033","budget_methodology_projection","not_actual_FTE","2026-10-08"
"DOC07","RSCE current site","last updated 18 Aug 2026","RSCE current budget $45.91m and 364 posts","https://www.unmissions.org/en/home-0/about-rsce","official_website_reporting","not_sla_or_chargeback","2026-10-08"
"DOC08","UNGM EOIUNIFIL22026","issued 24 Oct 2023","Vehicle washing services solicitation covers UNIFIL and UNSCOL","https://www.ungm.org/Public/Notice/217790","historical_RFI_not_award","not_2027_asset_transfer","2026-10-08"
"DOC09","UN Procurement Division","public contract awards policy","Published contracts are not-to-exceed and awards omit POs against standing contracts","https://www.un.org/Depts/ptd/contract-awards/hq-Contracts/pdc017716","coverage_limitation","not_an_invoice_or_complete_population","2026-10-08"
"DOC10","Umoja finance FAQ","3-way match policy","Goods receipt invoice and PO linked internally; records require permission","https://umoja.un.org/en/faq","method_context","no_user_authorized_Umoja_data","2026-10-08"
"DOC11","RSCE finance and compliance page","updated 30 July 2026","Service line reviews transactions and management reports","https://rsce.unmissions.org/en/financial-services-and-compliance-monitoring-section","internal_control_process_description","no_underlying_transaction_reports","2026-10-08"
"DOC12","A/80/643","paras194-196 pp42-43","Kuwait location-independent client posts 82 proposed abolished; 11 extra UNMIK UNFICYP; 44 transactional and 1 management new at RSCE; 17 payroll posts transferred to DOS","https://digitallibrary.un.org/record/4109171","proposed_organizational_changes","Not proof posts actually removed or unique payroll record","2026-10-08"
